n_variables	n_samples	real_entropy	gcmi_entropy	npeet_entropy
3	10	1.3862943611198906	2.183851676595425	5.717373863993056
3	15	1.3862943611198906	2.095160481941802	5.606421859783484
3	100	1.3862943611198906	1.7710572756794871	6.027363466537604
3	150	1.3862943611198906	1.7033918991426367	6.056164013020792
3	1000	1.3862943611198906	1.57278983985569	6.120651326867524
3	1500	1.3862943611198906	1.5218177619747113	6.125249575297054
3	10000	1.3862943611198906	1.4675550660129897	6.138134044797582
3	15000	1.3862943611198906	1.4433316561251281	6.139166314854899
3	100000	1.3862943611198906	1.4196773932418587	6.140883997755993
3	150000	1.3862943611198906	1.4180254728787922	6.140994566739836
3	1000000	1.3862943611198906	1.4030477853992114	6.141235820669721
3	1500000	1.3862943611198906	1.3999800562749005	6.141253389220456
3	10	5.19295685089021	5.694734372435156	5.715761463276011
3	15	5.19295685089021	5.98369497398402	5.392281619035146
3	100	5.19295685089021	5.633928895562085	5.994805746562316
3	150	5.19295685089021	5.334307824715529	6.049486854793127
3	1000	5.19295685089021	5.331324514810637	6.119940962499295
3	1500	5.19295685089021	5.33949323769449	6.124837482273373
3	10000	5.19295685089021	5.273735513378731	6.138338270120877
3	15000	5.19295685089021	5.252977269935139	6.138982417079903
3	100000	5.19295685089021	5.224313680160187	6.140898120135291
3	150000	5.19295685089021	5.220190446993803	6.141016557446777
3	1000000	5.19295685089021	5.206864566710101	6.14123849436423
3	1500000	5.19295685089021	5.205701514445895	6.141252585898416
3	10	3.5553480614894135	5.425278313771568	4.994917735313152
3	15	3.5553480614894135	5.060982845034896	5.251470615530814
3	100	3.5553480614894135	4.121199083386035	6.013963105367495
3	150	3.5553480614894135	4.004100670269107	6.056823287497538
3	1000	3.5553480614894135	3.7601677309094645	6.120501470885477
3	1500	3.5553480614894135	3.6606620191737926	6.126964133385142
3	10000	3.5553480614894135	3.655461440199982	6.138134736192335
3	15000	3.5553480614894135	3.6317666356270415	6.138782394015914
3	100000	3.5553480614894135	3.5977094175401643	6.140847468039002
3	150000	3.5553480614894135	3.594925324920947	6.141009346465933
3	1000000	3.5553480614894135	3.574046105664106	6.1412328243999825
3	1500000	3.5553480614894135	3.5722363270977393	6.141251896934864
3	10	4.90527477843843	5.848093975497299	5.568393717901426
3	15	4.90527477843843	5.203073874634294	5.746029658829748
3	100	4.90527477843843	5.096079593262176	6.008623572555236
3	150	4.90527477843843	5.102350848625028	6.01318565637504
3	1000	4.90527477843843	5.042193711314972	6.11981695208051
3	1500	4.90527477843843	5.023264663360054	6.126756727715862
3	10000	4.90527477843843	4.9739077784803145	6.138161789642292
3	15000	4.90527477843843	4.963412263711735	6.139221665591559
3	100000	4.90527477843843	4.939545372401293	6.140892783543808
3	150000	4.90527477843843	4.934968364120257	6.141011397683714
3	1000000	4.90527477843843	4.921521758182003	6.1412368577798455
3	1500000	4.90527477843843	4.919483914013503	6.141253490027495
3	10	4.564348191467836	5.006851105288256	5.520450834458046
3	15	4.564348191467836	5.00180973626979	5.125423643995772
3	100	4.564348191467836	4.883163289639652	5.996241345247765
3	150	4.564348191467836	5.077028357423141	6.04425704604888
3	1000	4.564348191467836	4.740756858163195	6.121079358961161
3	1500	4.564348191467836	4.698037097427422	6.125573106075689
3	10000	4.564348191467836	4.636790436262864	6.138189943247843
3	15000	4.564348191467836	4.643538277572507	6.13917501539629
3	100000	4.564348191467836	4.599663037990023	6.140834459472248
3	150000	4.564348191467836	4.599229327401744	6.141006553973776
3	1000000	4.564348191467836	4.581588816685473	6.141229920988723
3	1500000	4.564348191467836	4.579358107028817	6.141245796975691
3	10	6.068425588244111	7.239637667525663	5.734702489059522
3	15	6.068425588244111	6.585913244568202	5.751433783957794
3	100	6.068425588244111	6.44435050575338	6.022154735526446
3	150	6.068425588244111	6.31431186273744	6.049173225938652
3	1000	6.068425588244111	6.164032313191178	6.120601262627986
3	1500	6.068425588244111	6.206763993124413	6.126525970484709
3	10000	6.068425588244111	6.1368775052727536	6.138212490295229
3	15000	6.068425588244111	6.129802444913743	6.139244767196228
3	100000	6.068425588244111	6.099050717237815	6.140891522924906
3	150000	6.068425588244111	6.096933016777843	6.140994801659407
3	1000000	6.068425588244111	6.0836867448312315	6.141235156944618
3	1500000	6.068425588244111	6.080879286928214	6.141250494651128
3	10	5.662960480135946	6.856743040600314	5.793786054001509
3	15	5.662960480135946	6.51627828527076	5.779521620045563
3	100	5.662960480135946	6.085778076683193	6.023444501626843
3	150	5.662960480135946	5.901821357229549	6.034486761416504
3	1000	5.662960480135946	5.809860984753932	6.121278422357143
3	1500	5.662960480135946	5.776985051727555	6.1261983521354315
3	10000	5.662960480135946	5.740493868537175	6.137936482519289
3	15000	5.662960480135946	5.726945288129414	6.139013841298237
3	100000	5.662960480135946	5.69693204064168	6.140894079284309
3	150000	5.662960480135946	5.688175289381597	6.141007983432604
3	1000000	5.662960480135946	5.677766974174558	6.141238644833745
3	1500000	5.662960480135946	5.67482037121229	6.141253481032817
3	10	4.02535169073515	5.6384891845705205	5.60202008418614
3	15	4.02535169073515	5.639409372091739	5.33839141206638
3	100	4.02535169073515	4.684382761014243	6.005803966556489
3	150	4.02535169073515	4.604148595951511	6.051778100796668
3	1000	4.02535169073515	4.23280412510492	6.11990194185347
3	1500	4.02535169073515	4.214488543113121	6.123722327932636
3	10000	4.02535169073515	4.125707295693253	6.138292318757114
3	15000	4.02535169073515	4.122542351237324	6.139226355943225
3	100000	4.02535169073515	4.075113611431156	6.140898721687179
3	150000	4.02535169073515	4.0660639817741195	6.141015781335673
3	1000000	4.02535169073515	4.046358340029151	6.141231598063726
3	1500000	4.02535169073515	4.043414042293572	6.14125323084084
3	10	5.934894195619588	6.939621529054981	5.693837461004381
3	15	5.934894195619588	5.822755467915693	5.188767743774038
3	100	5.934894195619588	6.274047442237308	6.015276814908804
3	150	5.934894195619588	6.288643222335646	6.05051884870326
3	1000	5.934894195619588	6.106898994657888	6.116551499115834
3	1500	5.934894195619588	6.062195447587685	6.126363399624536
3	10000	5.934894195619588	6.000189600083609	6.138350286878441
3	15000	5.934894195619588	5.989533397781195	6.139059503529356
3	100000	5.934894195619588	5.965577561178557	6.1408843569164535
3	150000	5.934894195619588	5.960810351366467	6.14099003838902
3	1000000	5.934894195619588	5.949243876431794	6.141236045113765
3	1500000	5.934894195619588	5.946690901125656	6.1412532035280565
3	10	4.02535169073515	6.382701357642891	5.637864539234645
3	15	4.02535169073515	6.425767710690624	5.785817517648535
3	100	4.02535169073515	4.524276903218462	5.9813934327870255
3	150	4.02535169073515	4.430675066649017	6.045860065014174
3	1000	4.02535169073515	4.270115508394127	6.120845978108536
3	1500	4.02535169073515	4.248197552320736	6.121862121736512
3	10000	4.02535169073515	4.119523931761083	6.138106714473796
3	15000	4.02535169073515	4.121487431458326	6.139081762691695
3	100000	4.02535169073515	4.070801272040951	6.140866547597993
3	150000	4.02535169073515	4.067734914908543	6.140980641431047
3	1000000	4.02535169073515	4.049482905326503	6.141237071155559
3	1500000	4.02535169073515	4.0442659731004	6.141253188342938
3	10	5.598421958998375	6.494614761118596	5.4463244632434415
3	15	5.598421958998375	5.965171098935526	5.723379549006764
3	100	5.598421958998375	6.052544062306791	6.006693250026768
3	150	5.598421958998375	5.839561193144368	6.029635261102723
3	1000	5.598421958998375	5.733875828015222	6.11959433347182
3	1500	5.598421958998375	5.710042000278796	6.1253779918396924
3	10000	5.598421958998375	5.677725931246444	6.138067165466167
3	15000	5.598421958998375	5.658795629995447	6.139243748179615
3	100000	5.598421958998375	5.632285630189204	6.140892783862926
3	150000	5.598421958998375	5.626652503947143	6.1410095293483575
3	1000000	5.598421958998375	5.613637085080207	6.141231354602255
3	1500000	5.598421958998375	5.611258750317262	6.1412517424161255
3	10	4.564348191467836	5.151385075686636	5.729812408639872
3	15	4.564348191467836	4.749293344681669	5.565156539904818
3	100	4.564348191467836	5.05428112090259	6.019553215879215
3	150	4.564348191467836	5.036890319525709	6.046308232341186
3	1000	4.564348191467836	4.698607505653436	6.117437943338071
3	1500	4.564348191467836	4.670372738858613	6.126447405613234
3	10000	4.564348191467836	4.637018876505719	6.138386335073935
3	15000	4.564348191467836	4.623213804887426	6.139165131742015
3	100000	4.564348191467836	4.593678365883834	6.140878502278861
3	150000	4.564348191467836	4.587641669861615	6.141008177028655
3	1000000	4.564348191467836	4.579343843161958	6.14123836315351
3	1500000	4.564348191467836	4.577265057793753	6.141253674883871
3	10	3.044522437723423	4.312572896098345	5.3432554118758455
3	15	3.044522437723423	3.8665669832827296	5.403501641044718
3	100	3.044522437723423	3.341784721415778	6.013834281837501
3	150	3.044522437723423	3.434957546869844	6.0303093372728025
3	1000	3.044522437723423	3.223660562060468	6.119353238606759
3	1500	3.044522437723423	3.2290829776579066	6.127008999663617
3	10000	3.044522437723423	3.132106584487964	6.13775970691898
3	15000	3.044522437723423	3.1224468858823684	6.138939289640461
3	100000	3.044522437723423	3.081823790105382	6.140877756823559
3	150000	3.044522437723423	3.0796307941068335	6.141014594965216
3	1000000	3.044522437723423	3.06302013846126	6.141233190519931
3	1500000	3.044522437723423	3.060832515692857	6.141252938539724
3	10	4.969813299576001	5.435190201127839	5.669460006592516
3	15	4.969813299576001	6.07877344497264	5.645258632279287
3	100	4.969813299576001	5.346717527311956	6.030487543303627
3	150	4.969813299576001	5.2846906406073195	6.0530169822586215
3	1000	4.969813299576001	5.105537204651965	6.1209714571492775
3	1500	4.969813299576001	5.116411907520086	6.1270252796572615
3	10000	4.969813299576001	5.059544712345315	6.138136420935409
3	15000	4.969813299576001	5.026763547658252	6.1391317308506945
3	100000	4.969813299576001	5.0031634700723675	6.140894598818449
3	150000	4.969813299576001	4.997390878546245	6.141004981730972
3	1000000	4.969813299576001	4.985468775016697	6.141237045176406
3	1500000	4.969813299576001	4.983574797923428	6.141250225525005
3	10	1.3862943611198906	2.449698407223061	5.846259298151889
3	15	1.3862943611198906	1.9640907294750973	5.766516258325992
3	100	1.3862943611198906	1.6115097617879304	6.019118120190927
3	150	1.3862943611198906	1.8797096951463343	6.0389927560199075
3	1000	1.3862943611198906	1.5614798101529583	6.11487036793073
3	1500	1.3862943611198906	1.548556047968324	6.126661049907236
3	10000	1.3862943611198906	1.4508717844250771	6.138030003574283
3	15000	1.3862943611198906	1.4423999637004297	6.139032252352617
3	100000	1.3862943611198906	1.4130539904034105	6.140887129207182
3	150000	1.3862943611198906	1.4174578946813146	6.1410048837906706
3	1000000	1.3862943611198906	1.4003772437594453	6.1412381867748715
3	1500000	1.3862943611198906	1.3982203472792616	6.141253286609077
3	10	3.8066624897703196	6.535181729932652	5.159470713491081
3	15	3.8066624897703196	5.095030644444611	5.830510881526856
3	100	3.8066624897703196	4.235529276377991	6.014334206923208
3	150	3.8066624897703196	4.158817825608098	6.044458356290566
3	1000	3.8066624897703196	4.0245213173507945	6.1195241145300985
3	1500	3.8066624897703196	4.02984599951239	6.126878504867416
3	10000	3.8066624897703196	3.918179337579309	6.138301638271653
3	15000	3.8066624897703196	3.8816205748737076	6.1392472010581445
3	100000	3.8066624897703196	3.8515824519828126	6.140885103481463
3	150000	3.8066624897703196	3.847476723428688	6.14098440020583
3	1000000	3.8066624897703196	3.8292890135153232	6.141236371087762
3	1500000	3.8066624897703196	3.824854124644599	6.141250489000756
3	10	4.941642422609304	5.945976536829469	5.733190766195749
3	15	4.941642422609304	6.028185592514461	5.731985436672335
3	100	4.941642422609304	5.063939990426102	5.90009239935784
3	150	4.941642422609304	5.156895435084045	6.012209738154346
3	1000	4.941642422609304	5.093818201770965	6.117963945863725
3	1500	4.941642422609304	5.054707380640545	6.126622722392329
3	10000	4.941642422609304	5.015013097825079	6.1383870456480185
3	15000	4.941642422609304	4.9928184888240095	6.13921460101343
3	100000	4.941642422609304	4.970421725033669	6.140837419678979
3	150000	4.941642422609304	4.97157875128298	6.141010411161783
3	1000000	4.941642422609304	4.953860318623649	6.141237732765427
3	1500000	4.941642422609304	4.954053853806759	6.14125186275583
3	10	5.934894195619588	6.70188669030196	5.791617229774426
3	15	5.934894195619588	7.153105617034719	5.737633424969502
3	100	5.934894195619588	6.123614877031275	6.009742460806864
3	150	5.934894195619588	6.193333189444694	6.031231415490363
3	1000	5.934894195619588	6.040554785975271	6.117078952360049
3	1500	5.934894195619588	6.06946776323265	6.126896036157347
3	10000	5.934894195619588	6.006616999045073	6.138391899544095
3	15000	5.934894195619588	5.980804765078807	6.1391735576184345
3	100000	5.934894195619588	5.965701674765159	6.140870280910609
3	150000	5.934894195619588	5.962846179230956	6.141012872819565
3	1000000	5.934894195619588	5.949863771695076	6.1412367602471845
3	1500000	5.934894195619588	5.946668296849685	6.141253077408545
3	10	3.871201010907891	4.937928193334859	5.497562051418641
3	15	3.871201010907891	5.164291122793823	5.689307656012784
3	100	3.871201010907891	4.245453475308145	6.0303758649482395
3	150	3.871201010907891	4.191544410519955	6.035714941436812
3	1000	3.871201010907891	4.0388447293199174	6.1157163557397
3	1500	3.871201010907891	3.993143665605161	6.12624483616422
3	10000	3.871201010907891	3.911230209897486	6.137799379898363
3	15000	3.871201010907891	3.9237718211873673	6.138922415347804
3	100000	3.871201010907891	3.905971285112283	6.140893317723722
3	150000	3.871201010907891	3.901305293987118	6.141007114900287
3	1000000	3.871201010907891	3.888057339729924	6.141237301659118
3	1500000	3.871201010907891	3.884663572732391	6.141250849073783
3	10	5.19295685089021	6.477452192256122	5.476978937458502
3	15	5.19295685089021	6.030849852985002	5.81916009933984
3	100	5.19295685089021	5.504976881275319	5.999322235910446
3	150	5.19295685089021	5.516876309623443	6.053035307541483
3	1000	5.19295685089021	5.303137596475415	6.120267707020079
3	1500	5.19295685089021	5.305605232900583	6.125245442031946
3	10000	5.19295685089021	5.269073521225881	6.137988304131737
3	15000	5.19295685089021	5.24887129421651	6.13919994535166
3	100000	5.19295685089021	5.222360928246664	6.140887022322802
3	150000	5.19295685089021	5.222826393901804	6.141010780911034
3	1000000	5.19295685089021	5.207859097826956	6.141238169673853
3	1500000	5.19295685089021	5.203810713074738	6.141251730180979
4	10	5.4116460518550396	7.089872889337244	7.644681326585715
4	15	5.4116460518550396	7.1265973901929325	7.510896602641759
4	100	5.4116460518550396	6.394846854506564	8.0401144359113
4	150	5.4116460518550396	6.10343716160545	8.072929347293789
4	1000	5.4116460518550396	5.815446490246453	8.159383675468693
4	1500	5.4116460518550396	5.761809797815484	8.170133064127059
4	10000	5.4116460518550396	5.629480441242252	8.184054571088692
4	15000	5.4116460518550396	5.594052939661013	8.185494767631598
4	100000	5.4116460518550396	5.528949425505979	8.187842675441082
4	150000	5.4116460518550396	5.515288705409613	8.188012958530102
4	1000000	5.4116460518550396	5.475996420642915	8.188314618003249
4	1500000	5.4116460518550396	5.4712701059338595	8.188335089361969
4	10	5.2574953720277815	7.457077931496864	7.7533478423542554
4	15	5.2574953720277815	7.248383574226552	7.320395587786487
4	100	5.2574953720277815	6.392181619511035	8.012335504454429
4	150	5.2574953720277815	6.244685481601899	8.060951794008913
4	1000	5.2574953720277815	5.704339409429677	8.158097952971145
4	1500	5.2574953720277815	5.667101913018852	8.168411041345673
4	10000	5.2574953720277815	5.527935827909228	8.184395633642986
4	15000	5.2574953720277815	5.47173388348818	8.18540783126059
4	100000	5.2574953720277815	5.388741453244626	8.187858698543076
4	150000	5.2574953720277815	5.382431684368367	8.188021052410267
4	1000000	5.2574953720277815	5.333504682637249	8.188313422490806
4	1500000	5.2574953720277815	5.325795623834361	8.188331665919366
4	10	5.375278407684165	7.123680747017312	7.8194456868836175
4	15	5.375278407684165	7.339005113584774	7.518482403670201
4	100	5.375278407684165	5.956057119705919	8.014632556281398
4	150	5.375278407684165	5.863783453106707	8.006218278712216
4	1000	5.375278407684165	5.720424069979873	8.158840069879725
4	1500	5.375278407684165	5.760825553698129	8.168781927283062
4	10000	5.375278407684165	5.589646841781517	8.183995596844856
4	15000	5.375278407684165	5.565829363548397	8.185463719637665
4	100000	5.375278407684165	5.491784699735712	8.187841035357142
4	150000	5.375278407684165	5.4840866529689105	8.187998593929722
4	1000000	5.375278407684165	5.439962149424117	8.18831767528819
4	1500000	5.375278407684165	5.43323496125771	8.188337547952733
4	10	7.272398392570047	8.576571425974025	7.258009207553417
4	15	7.272398392570047	8.099501981463334	7.777683954474105
4	100	7.272398392570047	7.843458869617793	8.006305607171816
4	150	7.272398392570047	8.061508501593	8.067499305688555
4	1000	7.272398392570047	7.637837479143458	8.160642544546333
4	1500	7.272398392570047	7.568877976910284	8.16934879906307
4	10000	7.272398392570047	7.452215739348128	8.184265064835895
4	15000	7.272398392570047	7.434641344555452	8.185439017105434
4	100000	7.272398392570047	7.373079140085057	8.187858883799697
4	150000	7.272398392570047	7.363933960624398	8.18801184440133
4	1000000	7.272398392570047	7.329031354200749	8.188316682783533
4	1500000	7.272398392570047	7.323603222207241	8.188336995299858
4	10	4.143134726391533	5.706618055248777	5.888970911125588
4	15	4.143134726391533	5.713023858975852	7.486241650025257
4	100	4.143134726391533	4.8304974909774225	8.047677490682624
4	150	4.143134726391533	4.937231273901764	8.041957911421111
4	1000	4.143134726391533	4.541638576322587	8.157636951739287
4	1500	4.143134726391533	4.502354082804792	8.16897097932634
4	10000	4.143134726391533	4.366907358203765	8.184365225068625
4	15000	4.143134726391533	4.331458489883116	8.185638660061844
4	100000	4.143134726391533	4.262639493717172	8.187876052637957
4	150000	4.143134726391533	4.25153272044621	8.188027078997498
4	1000000	4.143134726391533	4.210190957545022	8.188317162712076
4	1500000	4.143134726391533	4.202557795909835	8.18833893793811
4	10	5.662960480135946	7.650267966682723	7.49188885381926
4	15	5.662960480135946	6.389601858274892	7.402551042701122
4	100	5.662960480135946	6.163173106969253	8.028730527786074
4	150	5.662960480135946	6.134179928445654	8.078634980642518
4	1000	5.662960480135946	5.982686071243169	8.15737985637696
4	1500	5.662960480135946	5.955987813641773	8.166840845921428
4	10000	5.662960480135946	5.8324711963912135	8.184166047901414
4	15000	5.662960480135946	5.828309502350721	8.185471395094911
4	100000	5.662960480135946	5.759632054831374	8.187856689646095
4	150000	5.662960480135946	5.7501734186593865	8.188004644130244
4	1000000	5.662960480135946	5.717301917068195	8.188312105793791
4	1500000	5.662960480135946	5.712292682498518	8.188336080813183
4	10	6.473890696352274	9.275655278047012	7.758053163219563
4	15	6.473890696352274	9.27918673958835	7.415875795264825
4	100	6.473890696352274	7.778002223514745	7.987612639426351
4	150	6.473890696352274	7.75457661806246	8.068133792231047
4	1000	6.473890696352274	7.00451707273244	8.157517898572253
4	1500	6.473890696352274	6.901597987885437	8.168864431714109
4	10000	6.473890696352274	6.752746814212556	8.18438831729743
4	15000	6.473890696352274	6.738613064545159	8.185556176366207
4	100000	6.473890696352274	6.634552993453839	8.187800973357866
4	150000	6.473890696352274	6.618394201679253	8.188010266112359
4	1000000	6.473890696352274	6.5635569362974024	8.188317978343685
4	1500000	6.473890696352274	6.5547469854560525	8.188336785228323
4	10	5.598421958998375	7.510667952037895	7.609151162525715
4	15	5.598421958998375	6.486533189062707	7.761322281670827
4	100	5.598421958998375	6.233681785398413	8.029955039251673
4	150	5.598421958998375	6.142828244728205	8.033661080911282
4	1000	5.598421958998375	5.944621567955638	8.161456388448622
4	1500	5.598421958998375	5.904790753943299	8.167575751171185
4	10000	5.598421958998375	5.810254666295615	8.184068885719771
4	15000	5.598421958998375	5.787491951603678	8.185531283629528
4	100000	5.598421958998375	5.708134743075145	8.187860945047653
4	150000	5.598421958998375	5.695934903986711	8.188027070236583
4	1000000	5.598421958998375	5.659710959561597	8.188316585011846
4	1500000	5.598421958998375	5.653281727903641	8.18833763745359
4	10	5.8377304471659395	8.294332885688998	7.90183499189283
4	15	5.8377304471659395	7.934054618160589	7.664075255678737
4	100	5.8377304471659395	7.0956037759571595	8.013947859964116
4	150	5.8377304471659395	6.994951838173023	8.074497783474374
4	1000	5.8377304471659395	6.339441807953154	8.159988030205529
4	1500	5.8377304471659395	6.253970471281636	8.167190442108167
4	10000	5.8377304471659395	6.099891052297288	8.183663052362188
4	15000	5.8377304471659395	6.068381116596944	8.185493243632887
4	100000	5.8377304471659395	5.982739099878958	8.187869789451941
4	150000	5.8377304471659395	5.969032021482299	8.188028091896392
4	1000000	5.8377304471659395	5.918936285120072	8.188312470005416
4	1500000	5.8377304471659395	5.910707982683229	8.18833790566831
4	10	4.499809670330265	8.468147025261299	7.925122316728149
4	15	4.499809670330265	6.548032098262183	7.54292676762479
4	100	4.499809670330265	5.403351281262683	8.026461085414581
4	150	4.499809670330265	5.327257361588238	8.058298091353876
4	1000	4.499809670330265	4.955603399348686	8.155733537129528
4	1500	4.499809670330265	4.889648924927045	8.164696338876547
4	10000	4.499809670330265	4.735794753522501	8.184309209227248
4	15000	4.499809670330265	4.712598195336266	8.185280320793655
4	100000	4.499809670330265	4.631858382279013	8.187875948264772
4	150000	4.499809670330265	4.616179536062901	8.188006665260845
4	1000000	4.499809670330265	4.573199602577763	8.188317534587178
4	1500000	4.499809670330265	4.567885384815231	8.188336458217163
4	10	7.16703787691222	8.865030391621442	7.508122625508127
4	15	7.16703787691222	8.671107075446836	7.718611898797628
4	100	7.16703787691222	7.825564104399362	8.031326391818117
4	150	7.16703787691222	7.83412726849093	8.055390561057488
4	1000	7.16703787691222	7.530256532474482	8.159675988081247
4	1500	7.16703787691222	7.4654030631739925	8.167770113615706
4	10000	7.16703787691222	7.364541907457459	8.18455646438877
4	15000	7.16703787691222	7.339819206401049	8.185663218714259
4	100000	7.16703787691222	7.272939899065475	8.187807333912167
4	150000	7.16703787691222	7.261665805437132	8.188020260133403
4	1000000	7.16703787691222	7.227359262820185	8.18831425720603
4	1500000	7.16703787691222	7.218129626364213	8.188337533593366
4	10	5.598421958998375	9.458226875098003	7.128710478831785
4	15	5.598421958998375	8.188923448301598	7.7500031760931885
4	100	5.598421958998375	6.556945218855592	8.025688630945345
4	150	5.598421958998375	6.638921633162802	8.080552108418628
4	1000	5.598421958998375	6.079763080660635	8.15571918436566
4	1500	5.598421958998375	6.058037558632865	8.169766339960226
4	10000	5.598421958998375	5.837149262868353	8.184384236397184
4	15000	5.598421958998375	5.834559036289182	8.185462548331627
4	100000	5.598421958998375	5.740821242343524	8.187847801399732
4	150000	5.598421958998375	5.72990512147315	8.188009033606662
4	1000000	5.598421958998375	5.677831134571175	8.188317859374257
4	1500000	5.598421958998375	5.670452442134998	8.188337624364419
4	10	4.787491742782046	6.564932010016962	7.461462283419701
4	15	4.787491742782046	5.669066407837229	7.648376113134319
4	100	4.787491742782046	5.189549952523961	8.035946137693212
4	150	4.787491742782046	5.3772063163020665	8.077591629344534
4	1000	4.787491742782046	5.129731328714947	8.160351376853798
4	1500	4.787491742782046	5.074564710187038	8.168796675429585
4	10000	4.787491742782046	4.957959402645152	8.18450483831874
4	15000	4.787491742782046	4.9561673584687576	8.185480648452144
4	100000	4.787491742782046	4.889704053116489	8.187831135105522
4	150000	4.787491742782046	4.879129859664925	8.187980476415014
4	1000000	4.787491742782046	4.843672169115214	8.188314688526072
4	1500000	4.787491742782046	4.839411125927095	8.188336064769716
4	10	5.817111159963204	6.841630673718603	7.174664129092513
4	15	5.817111159963204	7.029104869833742	7.454634820845492
4	100	5.817111159963204	6.522519007892868	8.034319772509857
4	150	5.817111159963204	6.457838894101831	8.069217736597826
4	1000	5.817111159963204	6.163328216881622	8.162498793173903
4	1500	5.817111159963204	6.167190072273701	8.16875916707547
4	10000	5.817111159963204	6.027700705927455	8.184612298913594
4	15000	5.817111159963204	5.9995573051240525	8.185640871723596
4	100000	5.817111159963204	5.9285350029922155	8.18781634229855
4	150000	5.817111159963204	5.914824908300279	8.18799624888469
4	1000000	5.817111159963204	5.8807300120951265	8.188319247719617
4	1500000	5.817111159963204	5.873330078962232	8.188336742358787
4	10	8.383433201236713	10.156892592959716	7.724559867885356
4	15	8.383433201236713	9.835485091036517	7.90753787140996
4	100	8.383433201236713	9.054109043611295	8.03680926345225
4	150	8.383433201236713	8.796360993544472	8.078195680957716
4	1000	8.383433201236713	8.791280417067572	8.158384349553243
4	1500	8.383433201236713	8.681051993252993	8.16992031182197
4	10000	8.383433201236713	8.564243131666426	8.18433970171687
4	15000	8.383433201236713	8.531445534869274	8.18534739842589
4	100000	8.383433201236713	8.478006709545753	8.187833847449328
4	150000	8.383433201236713	8.470690377930799	8.188033584308203
4	1000000	8.383433201236713	8.437037712959366	8.188315865654166
4	1500000	8.383433201236713	8.433375980593645	8.18833657813832
4	10	7.272398392570047	9.50598479729097	7.518467993986548
4	15	7.272398392570047	8.21591212600847	7.7037325217981385
4	100	7.272398392570047	7.924302987222701	7.994549920839867
4	150	7.272398392570047	7.773969196423411	8.040867772386163
4	1000	7.272398392570047	7.614925448486596	8.155184889129758
4	1500	7.272398392570047	7.580725743144755	8.16902574385309
4	10000	7.272398392570047	7.457427513251879	8.184218326384586
4	15000	7.272398392570047	7.459294265452202	8.185551418957106
4	100000	7.272398392570047	7.378800140482302	8.187843227846995
4	150000	7.272398392570047	7.365225426491455	8.188016254715828
4	1000000	7.272398392570047	7.328383150959661	8.18831792703085
4	1500000	7.272398392570047	7.322946661718616	8.188335573391615
4	10	4.394449154672439	6.250434224121667	6.6214546006898845
4	15	4.394449154672439	6.722428524124556	7.600174291039449
4	100	4.394449154672439	5.334365477418778	8.026473218623634
4	150	4.394449154672439	5.142337555107061	8.049014068920325
4	1000	4.394449154672439	4.801500459986865	8.159754334984044
4	1500	4.394449154672439	4.758711700960075	8.166741873249917
4	10000	4.394449154672439	4.613798169144303	8.184577595516341
4	15000	4.394449154672439	4.609851855572462	8.185512889226178
4	100000	4.394449154672439	4.522418160402948	8.187867277370303
4	150000	4.394449154672439	4.50630380987702	8.188011841339952
4	1000000	4.394449154672439	4.46533592191534	8.188313578896159
4	1500000	4.394449154672439	4.458640431847222	8.18833615867079
4	10	7.16703787691222	9.32854899518836	7.365108745888841
4	15	7.16703787691222	8.17646164100849	7.581052910037444
4	100	7.16703787691222	7.683678271464374	7.929327307443519
4	150	7.16703787691222	7.65645605383822	8.047119496101994
4	1000	7.16703787691222	7.515761816210445	8.161572036795679
4	1500	7.16703787691222	7.472847934374012	8.167453671945422
4	10000	7.16703787691222	7.359771857692477	8.184183491598446
4	15000	7.16703787691222	7.343332824440505	8.185321917418236
4	100000	7.16703787691222	7.276614416084682	8.187828672503557
4	150000	7.16703787691222	7.258863095858558	8.187987902217916
4	1000000	7.16703787691222	7.2247956996429465	8.188315185374083
4	1500000	7.16703787691222	7.219131425399283	8.188335385772778
4	10	4.564348191467836	7.3581739389224925	7.4246370640835035
4	15	4.564348191467836	6.9564959994454	7.469571061982478
4	100	4.564348191467836	5.314835520540332	8.003617809860131
4	150	4.564348191467836	5.316343426657054	8.036141723666837
4	1000	4.564348191467836	4.950980600491166	8.159459389291573
4	1500	4.564348191467836	5.001771560373999	8.166592439800192
4	10000	4.564348191467836	4.800364321676007	8.184156765798893
4	15000	4.564348191467836	4.776056727876164	8.185672017249994
4	100000	4.564348191467836	4.700651428270959	8.187800023507076
4	150000	4.564348191467836	4.681948970718029	8.187978321414912
4	1000000	4.564348191467836	4.6373989528496935	8.188317444714057
4	1500000	4.564348191467836	4.631189101619164	8.188334225835085
4	10	5.934894195619588	8.255896980925243	7.639082032336536
4	15	5.934894195619588	8.255080993274364	7.517892866219864
4	100	5.934894195619588	7.033597262482891	8.023290298286348
4	150	5.934894195619588	6.889833039218708	8.033639253734849
4	1000	5.934894195619588	6.441219569774451	8.158222839586283
4	1500	5.934894195619588	6.398090602293122	8.166321370732641
4	10000	5.934894195619588	6.2106584815458605	8.184171567396689
4	15000	5.934894195619588	6.171936649269996	8.185391160942796
4	100000	5.934894195619588	6.084577323063695	8.187831950252072
4	150000	5.934894195619588	6.0678260204617915	8.188012408791899
4	1000000	5.934894195619588	6.018386389154161	8.188314491931138
4	1500000	5.934894195619588	6.009682964845965	8.188334595264317
5	10	7.572502985020384	9.447846356727364	9.088199335888241
5	15	7.572502985020384	9.557415113767771	9.667045987910859
5	100	7.572502985020384	8.429169367174188	10.024817885265781
5	150	7.572502985020384	8.339847870923592	10.076417957513803
5	1000	7.572502985020384	8.166508147618686	10.196949793445803
5	1500	7.572502985020384	8.130506126440963	10.209745424757608
5	10000	7.572502985020384	7.965640615088017	10.230443734645126
5	15000	7.572502985020384	7.914582920909506	10.231395700546697
5	100000	7.572502985020384	7.805443128999803	10.234823459623085
5	150000	7.572502985020384	7.787061274522984	10.235027133351077
5	1000000	7.572502985020384	7.718349645606686	10.23539582293557
5	1500000	7.572502985020384	7.705412879771686	10.235419796416345
5	10	5.075173815233827	6.834200664317073	9.475775777373425
5	15	5.075173815233827	7.692838183628779	9.584867983173044
5	100	5.075173815233827	6.252758707088373	9.997017004331784
5	150	5.075173815233827	6.194583197436699	10.068600337689034
5	1000	5.075173815233827	5.713695559647901	10.198218159081279
5	1500	5.075173815233827	5.599960699897141	10.212056443035836
5	10000	5.075173815233827	5.451710439125961	10.23045611874745
5	15000	5.075173815233827	5.439543742629044	10.231950509260221
5	100000	5.075173815233827	5.320059449401727	10.234776387513122
5	150000	5.075173815233827	5.3027783483374	10.235035000505635
5	1000000	5.075173815233827	5.228001607830823	10.235395385065836
5	1500000	5.075173815233827	5.215096298749227	10.235421432119706
5	10	6.040254711277414	10.34809443839412	9.51252160244095
5	15	6.040254711277414	8.308290532757365	9.856965596851628
5	100	6.040254711277414	7.5282088422823925	9.991200001807554
5	150	6.040254711277414	7.362543685092154	10.063000339910163
5	1000	6.040254711277414	6.715528850823052	10.200696950729423
5	1500	6.040254711277414	6.736023098140916	10.202743914342065
5	10000	6.040254711277414	6.502264314821553	10.230382804375392
5	15000	6.040254711277414	6.448923566786561	10.231564493823027
5	100000	6.040254711277414	6.311478418841931	10.23481695875694
5	150000	6.040254711277414	6.293658945699233	10.235021898061996
5	1000000	6.040254711277414	6.2091857444125225	10.235396154022421
5	1500000	6.040254711277414	6.195505665688643	10.23542207901622
5	10	8.419800845407588	10.567898692516579	8.944986215143718
5	15	8.419800845407588	10.544339778261225	9.776742109979534
5	100	8.419800845407588	9.406891769411935	10.012422736767755
5	150	8.419800845407588	9.459378204133737	10.095402567280741
5	1000	8.419800845407588	9.003932398708626	10.197761918624911
5	1500	8.419800845407588	8.974385610591899	10.20917143309764
5	10000	8.419800845407588	8.770960557882278	10.230057062866297
5	15000	8.419800845407588	8.745447212172685	10.232071707224655
5	100000	8.419800845407588	8.640490717889657	10.234782355273731
5	150000	8.419800845407588	8.6173166011592	10.235003664583628
5	1000000	8.419800845407588	8.555493616953939	10.235393718370323
5	1500000	8.419800845407588	8.544351382493527	10.23541604241289
5	10	5.123963979403259	8.142455696182807	9.547414435430133
5	15	5.123963979403259	8.282086900956948	9.567616883915598
5	100	5.123963979403259	6.530149644896092	9.909069013329644
5	150	5.123963979403259	6.204584878402585	10.022812465946593
5	1000	5.123963979403259	5.789634293972468	10.195150285310373
5	1500	5.123963979403259	5.780515949357635	10.212392882604123
5	10000	5.123963979403259	5.545689084981295	10.230075218104458
5	15000	5.123963979403259	5.508727588497311	10.231803700141317
5	100000	5.123963979403259	5.383777169362732	10.234787218994553
5	150000	5.123963979403259	5.360272598773079	10.234996909008256
5	1000000	5.123963979403259	5.285208686038203	10.235393683860615
5	1500000	5.123963979403259	5.273726872901291	10.235417569856159
5	10	5.780743515792329	8.812303903498918	9.830754386737619
5	15	5.780743515792329	8.931682813177703	9.714789474629189
5	100	5.780743515792329	6.886850404109056	10.044717423961243
5	150	5.780743515792329	7.006113267425135	10.03476344018028
5	1000	5.780743515792329	6.411259385500642	10.200785216154125
5	1500	5.780743515792329	6.411166605078627	10.207321752421844
5	10000	5.780743515792329	6.203226639575759	10.23037113821007
5	15000	5.780743515792329	6.160537661923927	10.232047740429556
5	100000	5.780743515792329	6.041363426250722	10.234777987998903
5	150000	5.780743515792329	6.020085581286494	10.234989372716955
5	1000000	5.780743515792329	5.944036772147722	10.235395628622168
5	1500000	5.780743515792329	5.92990203886459	10.235418265170562
5	10	4.787491742782046	7.083551229093892	9.868202203054521
5	15	4.787491742782046	6.988109318605385	9.841511025186126
5	100	4.787491742782046	5.872790811596735	9.885581696793565
5	150	4.787491742782046	5.683194341712781	10.071176953020556
5	1000	4.787491742782046	5.44319189277605	10.20467655885524
5	1500	4.787491742782046	5.412085594820985	10.211519094164839
5	10000	4.787491742782046	5.185288758644236	10.230267399066129
5	15000	4.787491742782046	5.148406218094993	10.231950131251901
5	100000	4.787491742782046	5.038726983491742	10.234840131075211
5	150000	4.787491742782046	5.020035720200859	10.235027805910502
5	1000000	4.787491742782046	4.941595184802148	10.235392318898725
5	1500000	4.787491742782046	4.92955983048472	10.23541999045974
5	10	9.587406005562649	11.861072566816024	10.07246144425699
5	15	9.587406005562649	11.474807820812979	9.251614592734656
5	100	9.587406005562649	10.591725009252459	10.03020796341959
5	150	9.587406005562649	10.346037518923458	10.091607392935172
5	1000	9.587406005562649	10.132859887944026	10.203897047502377
5	1500	9.587406005562649	10.062866837380682	10.212598750148347
5	10000	9.587406005562649	9.91985006552954	10.230671432750972
5	15000	9.587406005562649	9.903059513095942	10.231976523361617
5	100000	9.587406005562649	9.79405873423584	10.234818881071917
5	150000	9.587406005562649	9.779140864507355	10.235007096629404
5	1000000	9.587406005562649	9.715317858861404	10.235399933918954
5	1500000	9.587406005562649	9.706918418761374	10.235420312318732
5	10	7.60887062919126	11.845818287012275	8.745808883202043
5	15	7.60887062919126	10.113931330757266	9.320814917990962
5	100	7.60887062919126	8.691024997197056	9.981986811486117
5	150	7.60887062919126	8.622791067658978	10.08397559768812
5	1000	7.60887062919126	8.264259246752315	10.19656879487071
5	1500	7.60887062919126	8.270615771629782	10.20752540724639
5	10000	7.60887062919126	8.02543543206966	10.229882264687253
5	15000	7.60887062919126	7.984703994191152	10.231899511963867
5	100000	7.60887062919126	7.865576220191351	10.234810191118337
5	150000	7.60887062919126	7.84258557376417	10.235030500521889
5	1000000	7.60887062919126	7.766541454711142	10.235392952598588
5	1500000	7.60887062919126	7.754799805459925	10.235421717901001
5	10	4.718498871295094	9.390414772864688	8.933380375907811
5	15	4.718498871295094	7.934239279131898	9.778818478557756
5	100	4.718498871295094	6.310700380324516	9.99140675547436
5	150	4.718498871295094	6.067973355083397	10.08548026841739
5	1000	4.718498871295094	5.503821946354719	10.20164395122612
5	1500	4.718498871295094	5.496872097193096	10.207871506970259
5	10000	4.718498871295094	5.1863251288464145	10.230465824181932
5	15000	4.718498871295094	5.1440739695447535	10.231569249670978
5	100000	4.718498871295094	5.007078115750046	10.23479703219061
5	150000	4.718498871295094	4.9839563759673755	10.235003262123513
5	1000000	4.718498871295094	4.898322972202115	10.235397855637569
5	1500000	4.718498871295094	4.883702033705408	10.23542187169876
5	10	6.173786103901937	9.265216178051016	9.261449099629226
5	15	6.173786103901937	8.457178829628344	9.351443519379076
5	100	6.173786103901937	7.590522500265836	9.99340839155211
5	150	6.173786103901937	7.410565812784445	10.086973018051541
5	1000	6.173786103901937	6.899513374708464	10.198557500390477
5	1500	6.173786103901937	6.894836432531069	10.205528875244788
5	10000	6.173786103901937	6.60995369742014	10.230125425803205
5	15000	6.173786103901937	6.590396218734146	10.23203645654513
5	100000	6.173786103901937	6.4512191110645105	10.234798599133338
5	150000	6.173786103901937	6.428459633829393	10.235006033972999
5	1000000	6.173786103901937	6.346285980425712	10.235396623103066
5	1500000	6.173786103901937	6.331744404307436	10.235422936869767
5	10	6.79794041297493	10.1926126122689	9.882641294509446
5	15	6.79794041297493	10.223593711471496	9.978589814748878
5	100	6.79794041297493	8.227541532573138	10.046812193750862
5	150	6.79794041297493	8.434634350211907	10.106405157372196
5	1000	6.79794041297493	7.551372383068728	10.202885608425383
5	1500	6.79794041297493	7.4939921476952325	10.209308594745067
5	10000	6.79794041297493	7.247371074021917	10.230486419825642
5	15000	6.79794041297493	7.215229110869085	10.23181583578279
5	100000	6.79794041297493	7.073136923274372	10.23478826057154
5	150000	6.79794041297493	7.0537728270079665	10.235022042825968
5	1000000	6.79794041297493	6.970536600450632	10.2353959806922
5	1500000	6.79794041297493	6.958045596930496	10.235419959086066
5	10	5.123963979403259	8.84714447179778	9.315109808808991
5	15	5.123963979403259	9.019315897634701	9.746759626763385
5	100	5.123963979403259	6.540104770870268	10.004340722575325
5	150	5.123963979403259	6.4739159765333865	10.084472640487077
5	1000	5.123963979403259	5.892849619449141	10.196202158423226
5	1500	5.123963979403259	5.8709521985995705	10.209873977632721
5	10000	5.123963979403259	5.605129874751544	10.230391409096166
5	15000	5.123963979403259	5.553882463769424	10.23166824686559
5	100000	5.123963979403259	5.414560770605604	10.234788051609518
5	150000	5.123963979403259	5.3864674787041675	10.23500456579964
5	1000000	5.123963979403259	5.303619924464629	10.235393817121157
5	1500000	5.123963979403259	5.289278292345598	10.235419975570263
5	10	8.658692753689937	9.938174790555347	9.650786680923039
5	15	8.658692753689937	10.54255417832632	9.754662208378459
5	100	8.658692753689937	9.525945282252069	10.04705381866015
5	150	8.658692753689937	9.593462295746242	10.099105767841
5	1000	8.658692753689937	9.265300013205941	10.19708454614855
5	1500	8.658692753689937	9.228766770990456	10.209635639825617
5	10000	8.658692753689937	9.000633634868057	10.230688560447351
5	15000	8.658692753689937	8.969287399730215	10.231711639238641
5	100000	8.658692753689937	8.870848646955018	10.234783541456395
5	150000	8.658692753689937	8.860540361818638	10.235005029603046
5	1000000	8.658692753689937	8.79136841290801	10.235388488163773
5	1500000	8.658692753689937	8.779639676806031	10.235420233563593
5	10	8.958797346140274	10.85807720031003	9.380709370714026
5	15	8.958797346140274	10.656042432759767	8.799871147862898
5	100	8.958797346140274	9.829210527742912	10.03941161976437
5	150	8.958797346140274	9.928566772186795	10.106106411528279
5	1000	8.958797346140274	9.521538578906727	10.189821334809324
5	1500	8.958797346140274	9.543362340124391	10.207003181436896
5	10000	8.958797346140274	9.314576661438018	10.229898247273216
5	15000	8.958797346140274	9.269024411485194	10.231690940043734
5	100000	8.958797346140274	9.176427136733528	10.234790083566393
5	150000	8.958797346140274	9.158678735917569	10.235012038962937
5	1000000	8.958797346140274	9.093870015282345	10.235396674553858
5	1500000	8.958797346140274	9.083698796832806	10.235422910695098
5	10	7.572502985020384	11.496334499371326	9.708492899317223
5	15	7.572502985020384	10.305634246633854	9.647939524212847
5	100	7.572502985020384	9.362271311597635	9.996445569776151
5	150	7.572502985020384	9.209864849891026	10.078343296345434
5	1000	7.572502985020384	8.525045211293895	10.194966741549177
5	1500	7.572502985020384	8.380020883854455	10.20838637760054
5	10000	7.572502985020384	8.059740602706142	10.230650108221441
5	15000	7.572502985020384	8.023225084843409	10.232083029490285
5	100000	7.572502985020384	7.883233701810888	10.234816846258703
5	150000	7.572502985020384	7.849060050096747	10.23501473445187
5	1000000	7.572502985020384	7.765932408729755	10.235398510083364
5	1500000	7.572502985020384	7.749333312180868	10.235419748047097
5	10	6.684611727667927	8.857721375838091	9.362661038667543
5	15	6.684611727667927	8.583991113974296	9.71207326841352
5	100	6.684611727667927	7.7153466752764315	10.049116456237215
5	150	6.684611727667927	7.486308429143332	10.063472950944355
5	1000	6.684611727667927	7.392181381381274	10.197321524827247
5	1500	6.684611727667927	7.265107394879993	10.208805324467049
5	10000	6.684611727667927	7.065038222593632	10.23050335628454
5	15000	6.684611727667927	7.016744283489241	10.232041454275175
5	100000	6.684611727667927	6.920370330683216	10.234793216882439
5	150000	6.684611727667927	6.897499923589002	10.235045006711308
5	1000000	6.684611727667927	6.829638853032815	10.235398185604552
5	1500000	6.684611727667927	6.8194831818357855	10.235414001782313
5	10	9.42124938562205	11.456793362190393	9.888617887546479
5	15	9.42124938562205	10.699404037614377	9.649040930057248
5	100	9.42124938562205	10.442446330996216	9.95532287906163
5	150	9.42124938562205	10.247216074440242	10.057176748982075
5	1000	9.42124938562205	9.996084653712563	10.198380152504752
5	1500	9.42124938562205	9.88880348512844	10.20968394084284
5	10000	9.42124938562205	9.731212333976664	10.230533253938686
5	15000	9.42124938562205	9.718253377662823	10.231856044295137
5	100000	9.42124938562205	9.618150533356394	10.234755029711206
5	150000	9.42124938562205	9.60262628144645	10.235005071767674
5	1000000	9.42124938562205	9.547068756246711	10.235391770755546
5	1500000	9.42124938562205	9.5374543168759	10.235414858882324
5	10	8.679312040892672	9.70377842359392	9.49401607299138
5	15	8.679312040892672	9.967980766665509	9.125252391247145
5	100	8.679312040892672	9.912634395758174	10.015704707953718
5	150	8.679312040892672	9.49942747348315	10.07297580477623
5	1000	8.679312040892672	9.27017725556736	10.20128274005823
5	1500	8.679312040892672	9.179864697961426	10.211176566443832
5	10000	8.679312040892672	9.021749961154583	10.229949418602697
5	15000	8.679312040892672	8.99988227190887	10.231888748679436
5	100000	8.679312040892672	8.89149587165143	10.234803092409743
5	150000	8.679312040892672	8.882496585234735	10.234959981380143
5	1000000	8.679312040892672	8.813761419104761	10.235395986537474
5	1500000	8.679312040892672	8.802172539553858	10.235420516477818
5	10	7.336936913707618	9.844523573736645	8.180586918187997
5	15	7.336936913707618	9.7993612494584	9.825597185236893
5	100	7.336936913707618	9.177550454324834	10.06120360360484
5	150	7.336936913707618	8.712825250162812	10.067331602248261
5	1000	7.336936913707618	8.192427412375002	10.204117885052773
5	1500	7.336936913707618	8.10591460411093	10.205047803933239
5	10000	7.336936913707618	7.798221169618937	10.230051289564324
5	15000	7.336936913707618	7.757698774565925	10.231970631621406
5	100000	7.336936913707618	7.625669023328665	10.234837626979532
5	150000	7.336936913707618	7.60574510500491	10.235015654185336
5	1000000	7.336936913707618	7.518681003559921	10.23539039633457
5	1500000	7.336936913707618	7.504560025343764	10.235418219419296
6	10	6.628041376179533	9.866493652254565	10.700336564791286
6	15	6.628041376179533	9.849675120008486	11.77042156647031
6	100	6.628041376179533	8.38523148054472	12.041593409164298
6	150	6.628041376179533	8.247802672988719	12.07844996461402
6	1000	6.628041376179533	7.610588633592734	12.239306530886662
6	1500	6.628041376179533	7.496427306443993	12.252390330903774
6	10000	6.628041376179533	7.2512321840670415	12.276492831606705
6	15000	6.628041376179533	7.2198395761020535	12.278290803957386
6	100000	6.628041376179533	7.051572418444655	12.281773898005223
6	150000	6.628041376179533	7.019892070758976	12.281978802627153
6	1000000	6.628041376179533	6.909771224504272	12.282476343189543
6	1500000	6.628041376179533	6.888608752396536	12.282502118464699
6	10	10.920455852163727	13.271695475419808	11.231188931502382
6	15	10.920455852163727	13.685948612290543	11.242651408444928
6	100	10.920455852163727	12.494141710843062	12.06676610504785
6	150	10.920455852163727	12.508715228984265	12.129691590943644
6	1000	10.920455852163727	11.821469141683567	12.244147275897317
6	1500	10.920455852163727	11.78193725224809	12.251073412259764
6	10000	10.920455852163727	11.481786182531152	12.276750189066192
6	15000	10.920455852163727	11.441057597181238	12.27835995650819
6	100000	10.920455852163727	11.302737940490324	12.281768916755922
6	150000	10.920455852163727	11.276331059782986	12.282029480689351
6	1000000	10.920455852163727	11.1762936312408	12.282474114829943
6	1500000	10.920455852163727	11.158729750484945	12.282504443867834
6	10	4.836281906951478	9.737486181935422	11.804160083270185
6	15	4.836281906951478	8.258591093025586	11.309426789632935
6	100	4.836281906951478	6.5522431843654	12.032339022945344
6	150	4.836281906951478	6.329629336432157	12.080230834468932
6	1000	4.836281906951478	5.842227916366454	12.238030988368081
6	1500	4.836281906951478	5.767692123261814	12.24997684471612
6	10000	4.836281906951478	5.470448398830531	12.276559169812987
6	15000	4.836281906951478	5.4398091691276225	12.278441274429394
6	100000	4.836281906951478	5.269763110345751	12.28177274733425
6	150000	4.836281906951478	5.235172174712936	12.282046194687245
6	1000000	4.836281906951478	5.1235759083252645	12.282471739179016
6	1500000	4.836281906951478	5.104955038774499	12.282507409175835
6	10	10.904707495195588	13.260368345883514	11.34289965213901
6	15	10.904707495195588	13.06436094763501	11.924598946427405
6	100	10.904707495195588	12.32213335359457	12.00933463122561
6	150	10.904707495195588	11.977863782926608	12.079961001633107
6	1000	10.904707495195588	11.764213015405748	12.230298081728991
6	1500	10.904707495195588	11.702587321079843	12.248900865034484
6	10000	10.904707495195588	11.449467305592503	12.276784687496953
6	15000	10.904707495195588	11.433803941519471	12.278442697693563
6	100000	10.904707495195588	11.27149366464787	12.281812274146443
6	150000	10.904707495195588	11.243295489666412	12.282035686982304
6	1000000	10.904707495195588	11.1494515606543	12.2824755822594
6	1500000	10.904707495195588	11.134161384539007	12.28250706451522
6	10	8.006367567650246	10.369749335987638	11.334446433007855
6	15	8.006367567650246	9.781895581194398	11.722648959507028
6	100	8.006367567650246	9.501733906509433	12.032078551464073
6	150	8.006367567650246	9.030056624667058	12.082337844257376
6	1000	8.006367567650246	8.913925370697736	12.24107125775087
6	1500	8.006367567650246	8.783056868187332	12.253478591572854
6	10000	8.006367567650246	8.56545581014052	12.276569107518013
6	15000	8.006367567650246	8.515267741209893	12.27829034861653
6	100000	8.006367567650246	8.376429536202815	12.281659937555883
6	150000	8.006367567650246	8.347300720491363	12.28200451049018
6	1000000	8.006367567650246	8.252516872931245	12.28247671364468
6	1500000	8.006367567650246	8.236263427369948	12.282505856907743
6	10	9.015784277513886	13.316830142754439	11.596972029591265
6	15	9.015784277513886	12.503375928307996	11.648313423620804
6	100	9.015784277513886	11.38929589525014	12.006700462193788
6	150	9.015784277513886	11.012808145668401	12.111592570934816
6	1000	9.015784277513886	10.3250972895105	12.241784757122796
6	1500	9.015784277513886	10.188230850889301	12.253638153469874
6	10000	9.015784277513886	9.756737655179123	12.275610944304507
6	15000	9.015784277513886	9.721687262745956	12.27795177123667
6	100000	9.015784277513886	9.504481636064272	12.281704455146562
6	150000	9.015784277513886	9.476231787898572	12.282012885459228
6	1000000	9.015784277513886	9.343451231176488	12.282466522571683
6	1500000	9.015784277513886	9.321650369629761	12.28250767035981
6	10	9.035986984831405	11.41263874888063	10.06385459347316
6	15	9.035986984831405	11.96283223279877	11.484155613064774
6	100	9.035986984831405	10.544199243813182	12.095857143418094
6	150	9.035986984831405	10.287556940523633	12.064780139264709
6	1000	9.035986984831405	9.962930213742137	12.239100909659161
6	1500	9.035986984831405	9.815856161970498	12.250724144669471
6	10000	9.035986984831405	9.617332898387627	12.276594173999944
6	15000	9.035986984831405	9.570843363522552	12.278383906682247
6	100000	9.035986984831405	9.41394967336668	12.281741603402592
6	150000	9.035986984831405	9.387178768333563	12.281938270526798
6	1000000	9.035986984831405	9.29150523530824	12.28247596469772
6	1500000	9.035986984831405	9.273770769342745	12.282504602078879
6	10	9.777924329560783	12.736812798635452	11.679166552987429
6	15	9.777924329560783	12.733944815979457	11.066328679666901
6	100	9.777924329560783	11.607615555501926	11.988582801457289
6	150	9.777924329560783	11.108385772445233	12.055563402296276
6	1000	9.777924329560783	10.678153130215053	12.238753745216542
6	1500	9.777924329560783	10.62537859434852	12.252287025274631
6	10000	9.777924329560783	10.369412722653173	12.276225359465517
6	15000	9.777924329560783	10.341294186920797	12.277544304300323
6	100000	9.777924329560783	10.176010288207644	12.281787161563082
6	150000	9.777924329560783	10.150332738187199	12.282008785790255
6	1000000	9.777924329560783	10.043970315673823	12.282467986289124
6	1500000	9.777924329560783	10.025249914625247	12.28250338313413
6	10	9.798127036878302	11.406544308113382	10.74151511041589
6	15	9.798127036878302	11.195399829647176	11.476597767727814
6	100	9.798127036878302	10.852705036209734	11.990581764674848
6	150	9.798127036878302	10.923229008754433	12.084081708801516
6	1000	9.798127036878302	10.6267386192538	12.244484616235079
6	1500	9.798127036878302	10.561521004016333	12.253147432893378
6	10000	9.798127036878302	10.33998951986383	12.27661637022245
6	15000	9.798127036878302	10.304103209888348	12.278388676964685
6	100000	9.798127036878302	10.150780025780813	12.281813868147463
6	150000	9.798127036878302	10.13311182848759	12.281998167943906
6	1000000	9.798127036878302	10.03688366220321	12.282476090137179
6	1500000	9.798127036878302	10.022226091175636	12.282506063874314
6	10	7.860185057472165	11.352328141859232	11.301197143994012
6	15	7.860185057472165	10.219233063152688	10.623274960598023
6	100	7.860185057472165	9.589522978499591	12.043478153583367
6	150	7.860185057472165	9.534007938405692	12.090765194986396
6	1000	7.860185057472165	8.982443951975252	12.243528213452816
6	1500	7.860185057472165	8.893202423305034	12.244077549379714
6	10000	7.860185057472165	8.558372438921609	12.276427390828086
6	15000	7.860185057472165	8.491131546296582	12.277197766341738
6	100000	7.860185057472165	8.314394636291977	12.281752363923298
6	150000	7.860185057472165	8.285166545714356	12.281958278037957
6	1000000	7.860185057472165	8.162484996102517	12.282471934227619
6	1500000	7.860185057472165	8.143617686865303	12.282502378809918
6	10	9.87508807801443	12.597848917471747	10.49072929589834
6	15	9.87508807801443	11.617069846846988	11.280345799961772
6	100	9.87508807801443	10.948386199547143	11.957909809468422
6	150	9.87508807801443	11.07618122569184	12.105908002213674
6	1000	9.87508807801443	10.670184508965477	12.23923232171219
6	1500	9.87508807801443	10.67604647455649	12.253485015687119
6	10000	9.87508807801443	10.443287091379446	12.276282486247846
6	15000	9.87508807801443	10.394006725212192	12.278414216155252
6	100000	9.87508807801443	10.242199538253374	12.28173717240333
6	150000	9.87508807801443	10.217673660702722	12.282032652044348
6	1000000	9.87508807801443	10.121185941200215	12.282471814566344
6	1500000	9.87508807801443	10.103273903628107	12.282506848085433
6	10	7.560080465021827	12.86345565969232	10.45304529030278
6	15	7.560080465021827	12.654182988413911	11.975764211224075
6	100	7.560080465021827	10.631791032579395	12.063364800325893
6	150	7.560080465021827	10.288373826820607	12.073657061412447
6	1000	7.560080465021827	8.93942986945647	12.23858393978216
6	1500	7.560080465021827	8.78512116527253	12.255504455976723
6	10000	7.560080465021827	8.368919128244194	12.275768955706482
6	15000	7.560080465021827	8.323352871792103	12.278383747408098
6	100000	7.560080465021827	8.102711296215187	12.281794929379519
6	150000	7.560080465021827	8.05891665533224	12.282037193531206
6	1000000	7.560080465021827	7.919820475768194	12.28247476601378
6	1500000	7.560080465021827	7.895693217972285	12.282507265287482
6	10	10.029238757841688	13.842120414308088	12.016112838070251
6	15	10.029238757841688	12.42031613379843	11.275420362244475
6	100	10.029238757841688	11.35922410022473	11.928401757444897
6	150	10.029238757841688	11.41685539585233	12.121210387445084
6	1000	10.029238757841688	10.877696973639027	12.236086952802124
6	1500	10.029238757841688	10.851344948723305	12.25061221549541
6	10000	10.029238757841688	10.60710276009302	12.276062585694614
6	15000	10.029238757841688	10.540732713773313	12.278197685136798
6	100000	10.029238757841688	10.414713869658762	12.28175221783809
6	150000	10.029238757841688	10.384923670360987	12.282028650000388
6	1000000	10.029238757841688	10.286509566846789	12.282474315107523
6	1500000	10.029238757841688	10.268128547307802	12.28250174383542
6	10	11.431281475929719	13.810736514791898	9.283445368662585
6	15	11.431281475929719	13.546102169757619	11.462423116965413
6	100	11.431281475929719	12.545108716240172	11.946688290932391
6	150	11.431281475929719	12.517941343796178	12.100509187340519
6	1000	11.431281475929719	12.181643424427298	12.24036739751615
6	1500	11.431281475929719	12.092870832707368	12.251408621498474
6	10000	11.431281475929719	11.966107822650224	12.27614129641821
6	15000	11.431281475929719	11.925351248016785	12.278074687817927
6	100000	11.431281475929719	11.782551090825454	12.281725518730854
6	150000	11.431281475929719	11.759466192986244	12.281996661544236
6	1000000	11.431281475929719	11.666980612680657	12.282482330722457
6	1500000	11.431281475929719	11.650726873078373	12.282506555944252
6	10	8.930626469173578	11.608619895859622	10.338267220200065
6	15	8.930626469173578	11.526675206882421	11.29879656641708
6	100	8.930626469173578	10.365496966642915	11.979046979778184
6	150	8.930626469173578	10.29813431065375	12.111645226481025
6	1000	8.930626469173578	9.886177723625035	12.238755046086919
6	1500	8.930626469173578	9.77080934461591	12.251018090208225
6	10000	8.930626469173578	9.521447451516615	12.276313224537569
6	15000	8.930626469173578	9.487841722530582	12.278095510737211
6	100000	8.930626469173578	9.326748858697732	12.281752026254969
6	150000	8.930626469173578	9.297750807812282	12.281984278339902
6	1000000	8.930626469173578	9.194022045828355	12.282475992352323
6	1500000	8.930626469173578	9.176647427180388	12.282500097684183
6	10	6.396929655216146	9.474548662955975	11.405340394127688
6	15	6.396929655216146	9.271835241702966	11.48471734196683
6	100	6.396929655216146	8.276724987686046	12.091902313034058
6	150	6.396929655216146	7.882317151798969	12.035610852531452
6	1000	6.396929655216146	7.3758517352945	12.239427812761393
6	1500	6.396929655216146	7.277709531447286	12.255022788209619
6	10000	6.396929655216146	7.034821549824913	12.27691203140657
6	15000	6.396929655216146	6.994442719100247	12.278300468691405
6	100000	6.396929655216146	6.809547037096241	12.281780814041644
6	150000	6.396929655216146	6.785006967191691	12.282052638871244
6	1000000	6.396929655216146	6.676652585970331	12.28247428747543
6	1500000	6.396929655216146	6.656316763774543	12.282500569878394
6	10	9.128696382935672	13.439558588865747	11.957499425977169
6	15	9.128696382935672	11.1456004621582	11.220113534330519
6	100	9.128696382935672	10.41131695179044	12.022091309213694
6	150	9.128696382935672	10.366939213508163	12.085456322333036
6	1000	9.128696382935672	10.097383420083771	12.240847419778932
6	1500	9.128696382935672	9.962118104787068	12.253032984529245
6	10000	9.128696382935672	9.739236206252393	12.276078432695673
6	15000	9.128696382935672	9.685244003134464	12.278006935791064
6	100000	9.128696382935672	9.528683924938523	12.281839022288716
6	150000	9.128696382935672	9.497996801944478	12.2820285282064
6	1000000	9.128696382935672	9.3955439002045	12.282475395869982
6	1500000	9.128696382935672	9.37611751493471	12.282504700461478
6	10	9.915910072534686	11.691162503345641	11.132000416008664
6	15	9.915910072534686	12.937636788470927	11.772401957661222
6	100	9.915910072534686	11.2628410269521	11.920834580483708
6	150	9.915910072534686	10.997268226680212	12.082434658076975
6	1000	9.915910072534686	10.778588814680523	12.24148226867265
6	1500	9.915910072534686	10.695164443995454	12.253442005782722
6	10000	9.915910072534686	10.457543049126956	12.275933806032691
6	15000	9.915910072534686	10.425793430883243	12.277725094159996
6	100000	9.915910072534686	10.278021353635221	12.281754655403326
6	150000	9.915910072534686	10.255949271541418	12.282030499098678
6	1000000	9.915910072534686	10.159650654449194	12.28247334504887
6	1500000	9.915910072534686	10.144432945318005	12.282504436216136
6	10	10.211560314635642	14.860740618576855	11.453361387780447
6	15	10.211560314635642	13.449572544238556	11.74813324857063
6	100	10.211560314635642	11.650854447638427	12.064967868257632
6	150	10.211560314635642	11.580453108092735	12.097335853310026
6	1000	10.211560314635642	11.10851187710159	12.242550695945956
6	1500	10.211560314635642	11.04953141375895	12.247981570453964
6	10000	10.211560314635642	10.802452564446293	12.276493673795066
6	15000	10.211560314635642	10.735098531041288	12.278062225663492
6	100000	10.211560314635642	10.596282367172034	12.281774022346054
6	150000	10.211560314635642	10.571787488421236	12.282032819356722
6	1000000	10.211560314635642	10.46885977564376	12.282478571200517
6	1500000	10.211560314635642	10.451738144296442	12.282505247137005
6	10	11.010068010853415	13.848709928892333	11.897054677399076
6	15	11.010068010853415	13.311538685260523	11.491572410845889
6	100	11.010068010853415	12.514057703494526	12.025373245609
6	150	11.010068010853415	12.287124660428159	12.122938642799268
6	1000	11.010068010853415	11.839341455972548	12.233758109393804
6	1500	11.010068010853415	11.769368586746552	12.247644634065118
6	10000	11.010068010853415	11.584485871202425	12.276743080371428
6	15000	11.010068010853415	11.539205086302747	12.278161656486622
6	100000	11.010068010853415	11.387522105692806	12.281762259918386
6	150000	11.010068010853415	11.356834428538209	12.282019498619247
6	1000000	11.010068010853415	11.260453376044937	12.282479526445039
6	1500000	11.010068010853415	11.245390899816092	12.282505641746532
