n-plet	method	O-information	alpha	beta	gamma
X1-X2-X3	JDIT	-3.606086645035687E-4	0.0	0.0	0.1
X1-X2-X3-X4	JDIT	0.004800090134642601	0.0	0.0	0.1
X1-X2-X3-X4-X5	JDIT	0.0021316009974253966	0.0	0.0	0.1
X1-X2-X3-X4-X5-X6	JDIT	6.981793923635058E-4	0.0	0.0	0.1
Z00-X1-X2-X3-X4-X5-X6	JDIT	6.429513417127688E-4	0.0	0.0	0.1
Z01-X1-X2-X3-X4-X5-X6	JDIT	6.990189000354894E-4	0.0	0.0	0.1
Z00-Z01-X1-X2-X3-X4-X5-X6	JDIT	0.001428131990158487	0.0	0.0	0.1
X1-X2-X3	JDIT	0.08401180957093375	0.0	0.1	0.1
X1-X2-X3-X4	JDIT	0.22581719161737296	0.0	0.1	0.1
X1-X2-X3-X4-X5	JDIT	0.4002558246017319	0.0	0.1	0.1
X1-X2-X3-X4-X5-X6	JDIT	0.5882159864021168	0.0	0.1	0.1
Z00-X1-X2-X3-X4-X5-X6	JDIT	0.5702136828553738	0.0	0.1	0.1
Z01-X1-X2-X3-X4-X5-X6	JDIT	0.5882157060850767	0.0	0.1	0.1
Z00-Z01-X1-X2-X3-X4-X5-X6	JDIT	1.0840075248134597	0.0	0.1	0.1
X1-X2-X3	JDIT	0.4011343238934229	0.0	0.2	0.1
X1-X2-X3-X4	JDIT	0.9324471793690158	0.0	0.2	0.1
X1-X2-X3-X4-X5	JDIT	1.5174163895586343	0.0	0.2	0.1
X1-X2-X3-X4-X5-X6	JDIT	2.1344008521607316	0.0	0.2	0.1
Z00-X1-X2-X3-X4-X5-X6	JDIT	2.079941301646689	0.0	0.2	0.1
Z01-X1-X2-X3-X4-X5-X6	JDIT	2.1344018094657757	0.0	0.2	0.1
Z00-Z01-X1-X2-X3-X4-X5-X6	JDIT	3.157800186260059	0.0	0.2	0.1
X1-X2-X3	JDIT	0.7120835455299848	0.0	0.3	0.1
X1-X2-X3-X4	JDIT	1.5768892636066614	0.0	0.3	0.1
X1-X2-X3-X4-X5	JDIT	2.498451404046447	0.0	0.3	0.1
X1-X2-X3-X4-X5-X6	JDIT	3.453067785002259	0.0	0.3	0.1
Z00-X1-X2-X3-X4-X5-X6	JDIT	3.3759085505324444	0.0	0.3	0.1
Z01-X1-X2-X3-X4-X5-X6	JDIT	3.4530682274244655	0.0	0.3	0.1
Z00-Z01-X1-X2-X3-X4-X5-X6	JDIT	4.81603585236102	0.0	0.3	0.1
X1-X2-X3	JDIT	0.9594236113936117	0.0	0.4	0.1
X1-X2-X3-X4	JDIT	2.0758616443618605	0.0	0.4	0.1
X1-X2-X3-X4-X5	JDIT	3.262188567899165	0.0	0.4	0.1
X1-X2-X3-X4-X5-X6	JDIT	4.4719146589552174	0.0	0.4	0.1
Z00-X1-X2-X3-X4-X5-X6	JDIT	4.3646820138882445	0.0	0.4	0.1
Z01-X1-X2-X3-X4-X5-X6	JDIT	4.471914942021522	0.0	0.4	0.1
Z00-Z01-X1-X2-X3-X4-X5-X6	JDIT	6.057120666206475	0.0	0.4	0.1
X1-X2-X3	JDIT	1.1644498416523632	0.0	0.5	0.1
X1-X2-X3-X4	JDIT	2.495151870069219	0.0	0.5	0.1
X1-X2-X3-X4-X5	JDIT	3.8888052013292493	0.0	0.5	0.1
X1-X2-X3-X4-X5-X6	JDIT	5.3090576567034695	0.0	0.5	0.1
Z00-X1-X2-X3-X4-X5-X6	JDIT	5.17420029182462	0.0	0.5	0.1
Z01-X1-X2-X3-X4-X5-X6	JDIT	5.309059100017729	0.0	0.5	0.1
Z00-Z01-X1-X2-X3-X4-X5-X6	JDIT	7.055455387107775	0.0	0.5	0.1
X1-X2-X3	JDIT	1.3411158231240916	0.0	0.6	0.1
X1-X2-X3-X4	JDIT	2.849092751256951	0.0	0.6	0.1
X1-X2-X3-X4-X5	JDIT	4.415251757079036	0.0	0.6	0.1
X1-X2-X3-X4-X5-X6	JDIT	6.012664213896761	0.0	0.6	0.1
Z00-X1-X2-X3-X4-X5-X6	JDIT	5.8427264822565395	0.0	0.6	0.1
Z01-X1-X2-X3-X4-X5-X6	JDIT	6.01266502488558	0.0	0.6	0.1
Z00-Z01-X1-X2-X3-X4-X5-X6	JDIT	7.882019241600943	0.0	0.6	0.1
X1-X2-X3	JDIT	1.4864154304817119	0.0	0.7	0.1
X1-X2-X3-X4	JDIT	3.141425249234714	0.0	0.7	0.1
X1-X2-X3-X4-X5	JDIT	4.861284144285163	0.0	0.7	0.1
X1-X2-X3-X4-X5-X6	JDIT	6.601965633288337	0.0	0.7	0.1
Z00-X1-X2-X3-X4-X5-X6	JDIT	6.4116599315757385	0.0	0.7	0.1
Z01-X1-X2-X3-X4-X5-X6	JDIT	6.6019667104389175	0.0	0.7	0.1
Z00-Z01-X1-X2-X3-X4-X5-X6	JDIT	8.576186128277119	0.0	0.7	0.1
X1-X2-X3	JDIT	1.6172981390497203	0.0	0.8	0.1
X1-X2-X3-X4	JDIT	3.3956778543393327	0.0	0.8	0.1
X1-X2-X3-X4-X5	JDIT	5.23982943100809	0.0	0.8	0.1
X1-X2-X3-X4-X5-X6	JDIT	7.110637410846754	0.0	0.8	0.1
Z00-X1-X2-X3-X4-X5-X6	JDIT	6.8891930776998676	0.0	0.8	0.1
Z01-X1-X2-X3-X4-X5-X6	JDIT	7.11063770544782	0.0	0.8	0.1
Z00-Z01-X1-X2-X3-X4-X5-X6	JDIT	9.16370098090386	0.0	0.8	0.1
X1-X2-X3	JDIT	1.735280406551388	0.0	0.9	0.1
X1-X2-X3-X4	JDIT	3.636562451051989	0.0	0.9	0.1
X1-X2-X3-X4-X5	JDIT	5.598974010590078	0.0	0.9	0.1
X1-X2-X3-X4-X5-X6	JDIT	7.58748209350028	0.0	0.9	0.1
Z00-X1-X2-X3-X4-X5-X6	JDIT	7.335542015207766	0.0	0.9	0.1
Z01-X1-X2-X3-X4-X5-X6	JDIT	7.587483813718622	0.0	0.9	0.1
Z00-Z01-X1-X2-X3-X4-X5-X6	JDIT	9.705636436457004	0.0	0.9	0.1
X1-X2-X3	JDIT	1.8377034194940804	0.0	1.0	0.1
X1-X2-X3-X4	JDIT	3.841739176374104	0.0	1.0	0.1
X1-X2-X3-X4-X5	JDIT	5.912031300986113	0.0	1.0	0.1
X1-X2-X3-X4-X5-X6	JDIT	7.993616136716339	0.0	1.0	0.1
Z00-X1-X2-X3-X4-X5-X6	JDIT	7.711469758556237	0.0	1.0	0.1
Z01-X1-X2-X3-X4-X5-X6	JDIT	7.9936169602007086	0.0	1.0	0.1
Z00-Z01-X1-X2-X3-X4-X5-X6	JDIT	10.163664372290281	0.0	1.0	0.1
X1-X2-X3	JDIT	0.024741257468126967	0.1	0.0	0.1
X1-X2-X3-X4	JDIT	0.06600372623316575	0.1	0.0	0.1
X1-X2-X3-X4-X5	JDIT	0.1289677535580775	0.1	0.0	0.1
X1-X2-X3-X4-X5-X6	JDIT	0.16403689598248994	0.1	0.0	0.1
Z00-X1-X2-X3-X4-X5-X6	JDIT	0.6801434162907716	0.1	0.0	0.1
Z01-X1-X2-X3-X4-X5-X6	JDIT	0.16403658503078986	0.1	0.0	0.1
Z00-Z01-X1-X2-X3-X4-X5-X6	JDIT	0.6428454542847134	0.1	0.0	0.1
X1-X2-X3	JDIT	0.04480819863846195	0.1	0.1	0.1
X1-X2-X3-X4	JDIT	0.1437481219557357	0.1	0.1	0.1
X1-X2-X3-X4-X5	JDIT	0.33226152378335116	0.1	0.1	0.1
X1-X2-X3-X4-X5-X6	JDIT	0.42481405053959714	0.1	0.1	0.1
Z00-X1-X2-X3-X4-X5-X6	JDIT	0.752024876899153	0.1	0.1	0.1
Z01-X1-X2-X3-X4-X5-X6	JDIT	0.4248148460287558	0.1	0.1	0.1
Z00-Z01-X1-X2-X3-X4-X5-X6	JDIT	1.1094677391156105	0.1	0.1	0.1
X1-X2-X3	JDIT	0.22669962961512358	0.1	0.2	0.1
X1-X2-X3-X4	JDIT	0.5445105799839405	0.1	0.2	0.1
X1-X2-X3-X4-X5	JDIT	1.044485835474561	0.1	0.2	0.1
X1-X2-X3-X4-X5-X6	JDIT	1.4470658381076962	0.1	0.2	0.1
Z00-X1-X2-X3-X4-X5-X6	JDIT	1.6938514399527809	0.1	0.2	0.1
Z01-X1-X2-X3-X4-X5-X6	JDIT	1.447066408191938	0.1	0.2	0.1
Z00-Z01-X1-X2-X3-X4-X5-X6	JDIT	2.619366650619374	0.1	0.2	0.1
X1-X2-X3	JDIT	0.45456894011562443	0.1	0.3	0.1
X1-X2-X3-X4	JDIT	1.0086584299782708	0.1	0.3	0.1
X1-X2-X3-X4-X5	JDIT	1.8128010112284645	0.1	0.3	0.1
X1-X2-X3-X4-X5-X6	JDIT	2.515750022286949	0.1	0.3	0.1
Z00-X1-X2-X3-X4-X5-X6	JDIT	2.7150682979301597	0.1	0.3	0.1
Z01-X1-X2-X3-X4-X5-X6	JDIT	2.515750472385718	0.1	0.3	0.1
Z00-Z01-X1-X2-X3-X4-X5-X6	JDIT	4.022842663425864	0.1	0.3	0.1
X1-X2-X3	JDIT	0.6700596971567423	0.1	0.4	0.1
X1-X2-X3-X4	JDIT	1.4312533115156127	0.1	0.4	0.1
X1-X2-X3-X4-X5	JDIT	2.4790349743432034	0.1	0.4	0.1
X1-X2-X3-X4-X5-X6	JDIT	3.4256363259440503	0.1	0.4	0.1
Z00-X1-X2-X3-X4-X5-X6	JDIT	3.5958457118003535	0.1	0.4	0.1
Z01-X1-X2-X3-X4-X5-X6	JDIT	3.4256354935703053	0.1	0.4	0.1
Z00-Z01-X1-X2-X3-X4-X5-X6	JDIT	5.175587599814609	0.1	0.4	0.1
X1-X2-X3	JDIT	0.8519311575494587	0.1	0.5	0.1
X1-X2-X3-X4	JDIT	1.800115627624114	0.1	0.5	0.1
X1-X2-X3-X4-X5	JDIT	3.047027235144851	0.1	0.5	0.1
X1-X2-X3-X4-X5-X6	JDIT	4.198552845225063	0.1	0.5	0.1
Z00-X1-X2-X3-X4-X5-X6	JDIT	4.337152458425871	0.1	0.5	0.1
Z01-X1-X2-X3-X4-X5-X6	JDIT	4.198554120518396	0.1	0.5	0.1
Z00-Z01-X1-X2-X3-X4-X5-X6	JDIT	6.122302697652883	0.1	0.5	0.1
X1-X2-X3	JDIT	1.01060606417921	0.1	0.6	0.1
X1-X2-X3-X4	JDIT	2.1158775937907293	0.1	0.6	0.1
X1-X2-X3-X4-X5	JDIT	3.5401759808956106	0.1	0.6	0.1
X1-X2-X3-X4-X5-X6	JDIT	4.861946108437674	0.1	0.6	0.1
Z00-X1-X2-X3-X4-X5-X6	JDIT	4.974987088288384	0.1	0.6	0.1
Z01-X1-X2-X3-X4-X5-X6	JDIT	4.861948010087566	0.1	0.6	0.1
Z00-Z01-X1-X2-X3-X4-X5-X6	JDIT	6.926334664936972	0.1	0.6	0.1
X1-X2-X3	JDIT	1.157172340012897	0.1	0.7	0.1
X1-X2-X3-X4	JDIT	2.4010112448972425	0.1	0.7	0.1
X1-X2-X3-X4-X5	JDIT	3.9676787298665017	0.1	0.7	0.1
X1-X2-X3-X4-X5-X6	JDIT	5.43150537312584	0.1	0.7	0.1
Z00-X1-X2-X3-X4-X5-X6	JDIT	5.527530020830406	0.1	0.7	0.1
Z01-X1-X2-X3-X4-X5-X6	JDIT	5.431506919233874	0.1	0.7	0.1
Z00-Z01-X1-X2-X3-X4-X5-X6	JDIT	7.613923095562777	0.1	0.7	0.1
X1-X2-X3	JDIT	1.2783725504813792	0.1	0.8	0.1
X1-X2-X3-X4	JDIT	2.6429450571831863	0.1	0.8	0.1
X1-X2-X3-X4-X5	JDIT	4.34255901219572	0.1	0.8	0.1
X1-X2-X3-X4-X5-X6	JDIT	5.934682693115972	0.1	0.8	0.1
Z00-X1-X2-X3-X4-X5-X6	JDIT	6.004894676391524	0.1	0.8	0.1
Z01-X1-X2-X3-X4-X5-X6	JDIT	5.934683737622542	0.1	0.8	0.1
Z00-Z01-X1-X2-X3-X4-X5-X6	JDIT	8.205121757905667	0.1	0.8	0.1
X1-X2-X3	JDIT	1.390168872591981	0.1	0.9	0.1
X1-X2-X3-X4	JDIT	2.8562842368672228	0.1	0.9	0.1
X1-X2-X3-X4-X5	JDIT	4.664080012552602	0.1	0.9	0.1
X1-X2-X3-X4-X5-X6	JDIT	6.367500705778086	0.1	0.9	0.1
Z00-X1-X2-X3-X4-X5-X6	JDIT	6.417213534636761	0.1	0.9	0.1
Z01-X1-X2-X3-X4-X5-X6	JDIT	6.367501532558284	0.1	0.9	0.1
Z00-Z01-X1-X2-X3-X4-X5-X6	JDIT	8.715939916854705	0.1	0.9	0.1
X1-X2-X3	JDIT	1.5001076162943583	0.1	1.0	0.1
X1-X2-X3-X4	JDIT	3.080610685177516	0.1	1.0	0.1
X1-X2-X3-X4-X5	JDIT	4.98839215291435	0.1	1.0	0.1
X1-X2-X3-X4-X5-X6	JDIT	6.796380621623181	0.1	1.0	0.1
Z00-X1-X2-X3-X4-X5-X6	JDIT	6.824320008028197	0.1	1.0	0.1
Z01-X1-X2-X3-X4-X5-X6	JDIT	6.796379372398688	0.1	1.0	0.1
Z00-Z01-X1-X2-X3-X4-X5-X6	JDIT	9.212057313178503	0.1	1.0	0.1
X1-X2-X3	JDIT	0.18136202126052103	0.2	0.0	0.1
X1-X2-X3-X4	JDIT	0.39380402527193725	0.2	0.0	0.1
X1-X2-X3-X4-X5	JDIT	0.7235869527793383	0.2	0.0	0.1
X1-X2-X3-X4-X5-X6	JDIT	0.9193056380678934	0.2	0.0	0.1
Z00-X1-X2-X3-X4-X5-X6	JDIT	2.0404371721143915	0.2	0.0	0.1
Z01-X1-X2-X3-X4-X5-X6	JDIT	0.9193035315971644	0.2	0.0	0.1
Z00-Z01-X1-X2-X3-X4-X5-X6	JDIT	1.907965533782109	0.2	0.0	0.1
X1-X2-X3	JDIT	0.0983949588484135	0.2	0.1	0.1
X1-X2-X3-X4	JDIT	0.26741700215793707	0.2	0.1	0.1
X1-X2-X3-X4-X5	JDIT	0.6176592287419849	0.2	0.1	0.1
X1-X2-X3-X4-X5-X6	JDIT	0.7348201938205126	0.2	0.1	0.1
Z00-X1-X2-X3-X4-X5-X6	JDIT	1.6343159546289154	0.2	0.1	0.1
Z01-X1-X2-X3-X4-X5-X6	JDIT	0.7348197659722966	0.2	0.1	0.1
Z00-Z01-X1-X2-X3-X4-X5-X6	JDIT	1.9165364445079487	0.2	0.1	0.1
X1-X2-X3	JDIT	0.09864687292732457	0.2	0.2	0.1
X1-X2-X3-X4	JDIT	0.3276112679614385	0.2	0.2	0.1
X1-X2-X3-X4-X5	JDIT	0.8877588676750798	0.2	0.2	0.1
X1-X2-X3-X4-X5-X6	JDIT	1.1914359392667044	0.2	0.2	0.1
Z00-X1-X2-X3-X4-X5-X6	JDIT	1.978283507116279	0.2	0.2	0.1
Z01-X1-X2-X3-X4-X5-X6	JDIT	1.1914359832408543	0.2	0.2	0.1
Z00-Z01-X1-X2-X3-X4-X5-X6	JDIT	2.84093669131867	0.2	0.2	0.1
X1-X2-X3	JDIT	0.20526691389244972	0.2	0.3	0.1
X1-X2-X3-X4	JDIT	0.5529885513426624	0.2	0.3	0.1
X1-X2-X3-X4-X5	JDIT	1.3434221669081214	0.2	0.3	0.1
X1-X2-X3-X4-X5-X6	JDIT	1.8858271587032398	0.2	0.3	0.1
Z00-X1-X2-X3-X4-X5-X6	JDIT	2.637009985482788	0.2	0.3	0.1
Z01-X1-X2-X3-X4-X5-X6	JDIT	1.8858270515077156	0.2	0.3	0.1
Z00-Z01-X1-X2-X3-X4-X5-X6	JDIT	3.8935100085155065	0.2	0.3	0.1
X1-X2-X3	JDIT	0.34697129257255316	0.2	0.4	0.1
X1-X2-X3-X4	JDIT	0.8237101115081892	0.2	0.4	0.1
X1-X2-X3-X4-X5	JDIT	1.829004107134406	0.2	0.4	0.1
X1-X2-X3-X4-X5-X6	JDIT	2.5887732635792697	0.2	0.4	0.1
Z00-X1-X2-X3-X4-X5-X6	JDIT	3.3132104785215297	0.2	0.4	0.1
Z01-X1-X2-X3-X4-X5-X6	JDIT	2.588772193501589	0.2	0.4	0.1
Z00-Z01-X1-X2-X3-X4-X5-X6	JDIT	4.849129678619642	0.2	0.4	0.1
X1-X2-X3	JDIT	0.4881503737879509	0.2	0.5	0.1
X1-X2-X3-X4	JDIT	1.0952289386091407	0.2	0.5	0.1
X1-X2-X3-X4-X5	JDIT	2.2750445395166885	0.2	0.5	0.1
X1-X2-X3-X4-X5-X6	JDIT	3.2231829364505726	0.2	0.5	0.1
Z00-X1-X2-X3-X4-X5-X6	JDIT	3.9173127955473213	0.2	0.5	0.1
Z01-X1-X2-X3-X4-X5-X6	JDIT	3.223184826006635	0.2	0.5	0.1
Z00-Z01-X1-X2-X3-X4-X5-X6	JDIT	5.660359062172565	0.2	0.5	0.1
X1-X2-X3	JDIT	0.6228912144900722	0.2	0.6	0.1
X1-X2-X3-X4	JDIT	1.3465523210931938	0.2	0.6	0.1
X1-X2-X3-X4-X5	JDIT	2.6868137901758216	0.2	0.6	0.1
X1-X2-X3-X4-X5-X6	JDIT	3.7963450932738176	0.2	0.6	0.1
Z00-X1-X2-X3-X4-X5-X6	JDIT	4.469641607262075	0.2	0.6	0.1
Z01-X1-X2-X3-X4-X5-X6	JDIT	3.7963448125291115	0.2	0.6	0.1
Z00-Z01-X1-X2-X3-X4-X5-X6	JDIT	6.378747258726298	0.2	0.6	0.1
X1-X2-X3	JDIT	0.7484639127661249	0.2	0.7	0.1
X1-X2-X3-X4	JDIT	1.584332422372065	0.2	0.7	0.1
X1-X2-X3-X4-X5	JDIT	3.069667350504626	0.2	0.7	0.1
X1-X2-X3-X4-X5-X6	JDIT	4.322269071327318	0.2	0.7	0.1
Z00-X1-X2-X3-X4-X5-X6	JDIT	4.975134129910731	0.2	0.7	0.1
Z01-X1-X2-X3-X4-X5-X6	JDIT	4.322267676558981	0.2	0.7	0.1
Z00-Z01-X1-X2-X3-X4-X5-X6	JDIT	7.028718701312262	0.2	0.7	0.1
X1-X2-X3	JDIT	0.8585216858086895	0.2	0.8	0.1
X1-X2-X3-X4	JDIT	1.8019564618607056	0.2	0.8	0.1
X1-X2-X3-X4-X5	JDIT	3.4069477191320727	0.2	0.8	0.1
X1-X2-X3-X4-X5-X6	JDIT	4.778060359630843	0.2	0.8	0.1
Z00-X1-X2-X3-X4-X5-X6	JDIT	5.405416795805908	0.2	0.8	0.1
Z01-X1-X2-X3-X4-X5-X6	JDIT	4.778059426443307	0.2	0.8	0.1
Z00-Z01-X1-X2-X3-X4-X5-X6	JDIT	7.572849583775809	0.2	0.8	0.1
X1-X2-X3	JDIT	0.9585548717356411	0.2	0.9	0.1
X1-X2-X3-X4	JDIT	1.9935269800971276	0.2	0.9	0.1
X1-X2-X3-X4-X5	JDIT	3.708385910368399	0.2	0.9	0.1
X1-X2-X3-X4-X5-X6	JDIT	5.190752409660658	0.2	0.9	0.1
Z00-X1-X2-X3-X4-X5-X6	JDIT	5.801466324153139	0.2	0.9	0.1
Z01-X1-X2-X3-X4-X5-X6	JDIT	5.190752506376937	0.2	0.9	0.1
Z00-Z01-X1-X2-X3-X4-X5-X6	JDIT	8.06944474774359	0.2	0.9	0.1
X1-X2-X3	JDIT	1.062778105305238	0.2	1.0	0.1
X1-X2-X3-X4	JDIT	2.189921239432919	0.2	1.0	0.1
X1-X2-X3-X4-X5	JDIT	3.999251869756963	0.2	1.0	0.1
X1-X2-X3-X4-X5-X6	JDIT	5.576238028329103	0.2	1.0	0.1
Z00-X1-X2-X3-X4-X5-X6	JDIT	6.166560817305919	0.2	1.0	0.1
Z01-X1-X2-X3-X4-X5-X6	JDIT	5.576240551386858	0.2	1.0	0.1
Z00-Z01-X1-X2-X3-X4-X5-X6	JDIT	8.523069475168501	0.2	1.0	0.1
X1-X2-X3	JDIT	0.3746053363644392	0.3	0.0	0.1
X1-X2-X3-X4	JDIT	0.7700525933614812	0.3	0.0	0.1
X1-X2-X3-X4-X5	JDIT	1.365388972376536	0.3	0.0	0.1
X1-X2-X3-X4-X5-X6	JDIT	1.7231978636497434	0.3	0.0	0.1
Z00-X1-X2-X3-X4-X5-X6	JDIT	3.2270650177960825	0.3	0.0	0.1
Z01-X1-X2-X3-X4-X5-X6	JDIT	1.7231990859026893	0.3	0.0	0.1
Z00-Z01-X1-X2-X3-X4-X5-X6	JDIT	2.996399631683393	0.3	0.0	0.1
X1-X2-X3	JDIT	0.21739459386592178	0.3	0.1	0.1
X1-X2-X3-X4	JDIT	0.5175582804326073	0.3	0.1	0.1
X1-X2-X3-X4-X5	JDIT	1.0793528860112418	0.3	0.1	0.1
X1-X2-X3-X4-X5-X6	JDIT	1.3034319935013967	0.3	0.1	0.1
Z00-X1-X2-X3-X4-X5-X6	JDIT	2.5896620182244545	0.3	0.1	0.1
Z01-X1-X2-X3-X4-X5-X6	JDIT	1.3034324310251442	0.3	0.1	0.1
Z00-Z01-X1-X2-X3-X4-X5-X6	JDIT	2.8074245020278483	0.3	0.1	0.1
X1-X2-X3	JDIT	0.09463924142615085	0.3	0.2	0.1
X1-X2-X3-X4	JDIT	0.3755033282399505	0.3	0.2	0.1
X1-X2-X3-X4-X5	JDIT	1.0511066887487295	0.3	0.2	0.1
X1-X2-X3-X4-X5-X6	JDIT	1.36169581257685	0.3	0.2	0.1
Z00-X1-X2-X3-X4-X5-X6	JDIT	2.5289123068270056	0.3	0.2	0.1
Z01-X1-X2-X3-X4-X5-X6	JDIT	1.3616945303202965	0.3	0.2	0.1
Z00-Z01-X1-X2-X3-X4-X5-X6	JDIT	3.3381387508252667	0.3	0.2	0.1
X1-X2-X3	JDIT	0.10047618475183788	0.3	0.3	0.1
X1-X2-X3-X4	JDIT	0.4239071156843452	0.3	0.3	0.1
X1-X2-X3-X4-X5	JDIT	1.2710051334195929	0.3	0.3	0.1
X1-X2-X3-X4-X5-X6	JDIT	1.778839813129179	0.3	0.3	0.1
Z00-X1-X2-X3-X4-X5-X6	JDIT	2.907923172119379	0.3	0.3	0.1
Z01-X1-X2-X3-X4-X5-X6	JDIT	1.7788396300102232	0.3	0.3	0.1
Z00-Z01-X1-X2-X3-X4-X5-X6	JDIT	4.120943252468625	0.3	0.3	0.1
X1-X2-X3	JDIT	0.1678070270360826	0.3	0.4	0.1
X1-X2-X3-X4	JDIT	0.5644821193441355	0.3	0.4	0.1
X1-X2-X3-X4-X5	JDIT	1.5927561100471364	0.3	0.4	0.1
X1-X2-X3-X4-X5-X6	JDIT	2.2908902391562145	0.3	0.4	0.1
Z00-X1-X2-X3-X4-X5-X6	JDIT	3.4012277643323663	0.3	0.4	0.1
Z01-X1-X2-X3-X4-X5-X6	JDIT	2.2908904421709533	0.3	0.4	0.1
Z00-Z01-X1-X2-X3-X4-X5-X6	JDIT	4.913862074020276	0.3	0.4	0.1
X1-X2-X3	JDIT	0.26618323800913557	0.3	0.5	0.1
X1-X2-X3-X4	JDIT	0.7434551843625532	0.3	0.5	0.1
X1-X2-X3-X4-X5	JDIT	1.9356939931639694	0.3	0.5	0.1
X1-X2-X3-X4-X5-X6	JDIT	2.8131030442840146	0.3	0.5	0.1
Z00-X1-X2-X3-X4-X5-X6	JDIT	3.89930251595437	0.3	0.5	0.1
Z01-X1-X2-X3-X4-X5-X6	JDIT	2.813103190100332	0.3	0.5	0.1
Z00-Z01-X1-X2-X3-X4-X5-X6	JDIT	5.626236795589161	0.3	0.5	0.1
X1-X2-X3	JDIT	0.36336429645480617	0.3	0.6	0.1
X1-X2-X3-X4	JDIT	0.9230035960131495	0.3	0.6	0.1
X1-X2-X3-X4-X5	JDIT	2.2588755553855364	0.3	0.6	0.1
X1-X2-X3-X4-X5-X6	JDIT	3.283205201383095	0.3	0.6	0.1
Z00-X1-X2-X3-X4-X5-X6	JDIT	4.359544026740645	0.3	0.6	0.1
Z01-X1-X2-X3-X4-X5-X6	JDIT	3.2832048880725204	0.3	0.6	0.1
Z00-Z01-X1-X2-X3-X4-X5-X6	JDIT	6.25566312190144	0.3	0.6	0.1
X1-X2-X3	JDIT	0.46659952588880876	0.3	0.7	0.1
X1-X2-X3-X4	JDIT	1.0994458576923392	0.3	0.7	0.1
X1-X2-X3-X4-X5	JDIT	2.556831379596057	0.3	0.7	0.1
X1-X2-X3-X4-X5-X6	JDIT	3.7160041323550983	0.3	0.7	0.1
Z00-X1-X2-X3-X4-X5-X6	JDIT	4.771294312077206	0.3	0.7	0.1
Z01-X1-X2-X3-X4-X5-X6	JDIT	3.716005564048378	0.3	0.7	0.1
Z00-Z01-X1-X2-X3-X4-X5-X6	JDIT	6.804556304766329	0.3	0.7	0.1
X1-X2-X3	JDIT	0.5617832715287661	0.3	0.8	0.1
X1-X2-X3-X4	JDIT	1.277882640864117	0.3	0.8	0.1
X1-X2-X3-X4-X5	JDIT	2.852297792394175	0.3	0.8	0.1
X1-X2-X3-X4-X5-X6	JDIT	4.124650481155311	0.3	0.8	0.1
Z00-X1-X2-X3-X4-X5-X6	JDIT	5.16490388355472	0.3	0.8	0.1
Z01-X1-X2-X3-X4-X5-X6	JDIT	4.12465105738743	0.3	0.8	0.1
Z00-Z01-X1-X2-X3-X4-X5-X6	JDIT	7.3190528716525005	0.3	0.8	0.1
X1-X2-X3	JDIT	0.6463375202015922	0.3	0.9	0.1
X1-X2-X3-X4	JDIT	1.439588186520765	0.3	0.9	0.1
X1-X2-X3-X4-X5	JDIT	3.1208830022636933	0.3	0.9	0.1
X1-X2-X3-X4-X5-X6	JDIT	4.498021392309878	0.3	0.9	0.1
Z00-X1-X2-X3-X4-X5-X6	JDIT	5.524888450661618	0.3	0.9	0.1
Z01-X1-X2-X3-X4-X5-X6	JDIT	4.49801977024869	0.3	0.9	0.1
Z00-Z01-X1-X2-X3-X4-X5-X6	JDIT	7.779963216123868	0.3	0.9	0.1
X1-X2-X3	JDIT	0.729309782933704	0.3	1.0	0.1
X1-X2-X3-X4	JDIT	1.593329073122917	0.3	1.0	0.1
X1-X2-X3-X4-X5	JDIT	3.369641011412971	0.3	1.0	0.1
X1-X2-X3-X4-X5-X6	JDIT	4.839847374168494	0.3	1.0	0.1
Z00-X1-X2-X3-X4-X5-X6	JDIT	5.846787810292094	0.3	1.0	0.1
Z01-X1-X2-X3-X4-X5-X6	JDIT	4.8398478443727395	0.3	1.0	0.1
Z00-Z01-X1-X2-X3-X4-X5-X6	JDIT	8.193139731317327	0.3	1.0	0.1
X1-X2-X3	JDIT	0.5455025208623755	0.4	0.0	0.1
X1-X2-X3-X4	JDIT	1.1113628179286867	0.4	0.0	0.1
X1-X2-X3-X4-X5	JDIT	1.9167387274702214	0.4	0.0	0.1
X1-X2-X3-X4-X5-X6	JDIT	2.423689317304334	0.4	0.0	0.1
Z00-X1-X2-X3-X4-X5-X6	JDIT	4.208806443530113	0.4	0.0	0.1
Z01-X1-X2-X3-X4-X5-X6	JDIT	2.423690031779054	0.4	0.0	0.1
Z00-Z01-X1-X2-X3-X4-X5-X6	JDIT	3.8823375522440577	0.4	0.0	0.1
X1-X2-X3	JDIT	0.35338136910518003	0.4	0.1	0.1
X1-X2-X3-X4	JDIT	0.7898735933505371	0.4	0.1	0.1
X1-X2-X3-X4-X5	JDIT	1.534442134855252	0.4	0.1	0.1
X1-X2-X3-X4-X5-X6	JDIT	1.8700763727548726	0.4	0.1	0.1
Z00-X1-X2-X3-X4-X5-X6	JDIT	3.42963332169359	0.4	0.1	0.1
Z01-X1-X2-X3-X4-X5-X6	JDIT	1.8700763226479764	0.4	0.1	0.1
Z00-Z01-X1-X2-X3-X4-X5-X6	JDIT	3.565437011351976	0.4	0.1	0.1
X1-X2-X3	JDIT	0.14637924821865794	0.4	0.2	0.1
X1-X2-X3-X4	JDIT	0.5081550905110814	0.4	0.2	0.1
X1-X2-X3-X4-X5	JDIT	1.3177760794914448	0.4	0.2	0.1
X1-X2-X3-X4-X5-X6	JDIT	1.6773259871096584	0.4	0.2	0.1
Z00-X1-X2-X3-X4-X5-X6	JDIT	3.123863381031388	0.4	0.2	0.1
Z01-X1-X2-X3-X4-X5-X6	JDIT	1.6773265161152335	0.4	0.2	0.1
Z00-Z01-X1-X2-X3-X4-X5-X6	JDIT	3.880054002482975	0.4	0.2	0.1
X1-X2-X3	JDIT	0.07202504573665483	0.4	0.3	0.1
X1-X2-X3-X4	JDIT	0.4429287700731443	0.4	0.3	0.1
X1-X2-X3-X4-X5	JDIT	1.3803998584335964	0.4	0.3	0.1
X1-X2-X3-X4-X5-X6	JDIT	1.8893592725084485	0.4	0.3	0.1
Z00-X1-X2-X3-X4-X5-X6	JDIT	3.3024429146995935	0.4	0.3	0.1
Z01-X1-X2-X3-X4-X5-X6	JDIT	1.889358634139602	0.4	0.3	0.1
Z00-Z01-X1-X2-X3-X4-X5-X6	JDIT	4.473246105795203	0.4	0.3	0.1
X1-X2-X3	JDIT	0.08423639768553312	0.4	0.4	0.1
X1-X2-X3-X4	JDIT	0.479476197428498	0.4	0.4	0.1
X1-X2-X3-X4-X5	JDIT	1.5520281957783646	0.4	0.4	0.1
X1-X2-X3-X4-X5-X6	JDIT	2.231534952131755	0.4	0.4	0.1
Z00-X1-X2-X3-X4-X5-X6	JDIT	3.6196426723155577	0.4	0.4	0.1
Z01-X1-X2-X3-X4-X5-X6	JDIT	2.2315357037084884	0.4	0.4	0.1
Z00-Z01-X1-X2-X3-X4-X5-X6	JDIT	5.088743772061033	0.4	0.4	0.1
X1-X2-X3	JDIT	0.13156116654783356	0.4	0.5	0.1
X1-X2-X3-X4	JDIT	0.57437238736645	0.4	0.5	0.1
X1-X2-X3-X4-X5	JDIT	1.7884416757186312	0.4	0.5	0.1
X1-X2-X3-X4-X5-X6	JDIT	2.6230834487261374	0.4	0.5	0.1
Z00-X1-X2-X3-X4-X5-X6	JDIT	4.000835591233168	0.4	0.5	0.1
Z01-X1-X2-X3-X4-X5-X6	JDIT	2.6230833142731584	0.4	0.5	0.1
Z00-Z01-X1-X2-X3-X4-X5-X6	JDIT	5.6965908907848855	0.4	0.5	0.1
X1-X2-X3	JDIT	0.19765282329879888	0.4	0.6	0.1
X1-X2-X3-X4	JDIT	0.6933401300223159	0.4	0.6	0.1
X1-X2-X3-X4-X5	JDIT	2.0325944917234353	0.4	0.6	0.1
X1-X2-X3-X4-X5-X6	JDIT	3.0127212405485	0.4	0.6	0.1
Z00-X1-X2-X3-X4-X5-X6	JDIT	4.373573505342957	0.4	0.6	0.1
Z01-X1-X2-X3-X4-X5-X6	JDIT	3.0127203470462787	0.4	0.6	0.1
Z00-Z01-X1-X2-X3-X4-X5-X6	JDIT	6.246586985218064	0.4	0.6	0.1
X1-X2-X3	JDIT	0.2737442752723801	0.4	0.7	0.1
X1-X2-X3-X4	JDIT	0.8168592758170184	0.4	0.7	0.1
X1-X2-X3-X4-X5	JDIT	2.2797400446773652	0.4	0.7	0.1
X1-X2-X3-X4-X5-X6	JDIT	3.3822301544019004	0.4	0.7	0.1
Z00-X1-X2-X3-X4-X5-X6	JDIT	4.736179148142857	0.4	0.7	0.1
Z01-X1-X2-X3-X4-X5-X6	JDIT	3.3822279780227427	0.4	0.7	0.1
Z00-Z01-X1-X2-X3-X4-X5-X6	JDIT	6.752031818940606	0.4	0.7	0.1
X1-X2-X3	JDIT	0.34897602157087215	0.4	0.8	0.1
X1-X2-X3-X4	JDIT	0.9530084315807372	0.4	0.8	0.1
X1-X2-X3-X4-X5	JDIT	2.525740647720533	0.4	0.8	0.1
X1-X2-X3-X4-X5-X6	JDIT	3.747026136035309	0.4	0.8	0.1
Z00-X1-X2-X3-X4-X5-X6	JDIT	5.0839255011932964	0.4	0.8	0.1
Z01-X1-X2-X3-X4-X5-X6	JDIT	3.747026061945	0.4	0.8	0.1
Z00-Z01-X1-X2-X3-X4-X5-X6	JDIT	7.22301018447436	0.4	0.8	0.1
X1-X2-X3	JDIT	0.4280893043875803	0.4	0.9	0.1
X1-X2-X3-X4	JDIT	1.0813374817299712	0.4	0.9	0.1
X1-X2-X3-X4-X5	JDIT	2.750867857358566	0.4	0.9	0.1
X1-X2-X3-X4-X5-X6	JDIT	4.073019972694343	0.4	0.9	0.1
Z00-X1-X2-X3-X4-X5-X6	JDIT	5.394261792155264	0.4	0.9	0.1
Z01-X1-X2-X3-X4-X5-X6	JDIT	4.073020082993667	0.4	0.9	0.1
Z00-Z01-X1-X2-X3-X4-X5-X6	JDIT	7.637038317695385	0.4	0.9	0.1
X1-X2-X3	JDIT	0.49853629120424053	0.4	1.0	0.1
X1-X2-X3-X4	JDIT	1.219255507228483	0.4	1.0	0.1
X1-X2-X3-X4-X5	JDIT	2.978439502548194	0.4	1.0	0.1
X1-X2-X3-X4-X5-X6	JDIT	4.391258721310145	0.4	1.0	0.1
Z00-X1-X2-X3-X4-X5-X6	JDIT	5.70492270958912	0.4	1.0	0.1
Z01-X1-X2-X3-X4-X5-X6	JDIT	4.391259243919752	0.4	1.0	0.1
Z00-Z01-X1-X2-X3-X4-X5-X6	JDIT	8.038468138996219	0.4	1.0	0.1
X1-X2-X3	JDIT	0.6924749609540566	0.5	0.0	0.1
X1-X2-X3-X4	JDIT	1.4047049518769714	0.5	0.0	0.1
X1-X2-X3-X4-X5	JDIT	2.386431420592949	0.5	0.0	0.1
X1-X2-X3-X4-X5-X6	JDIT	3.0153786041817505	0.5	0.0	0.1
Z00-X1-X2-X3-X4-X5-X6	JDIT	5.010763962676634	0.5	0.0	0.1
Z01-X1-X2-X3-X4-X5-X6	JDIT	3.015377822120996	0.5	0.0	0.1
Z00-Z01-X1-X2-X3-X4-X5-X6	JDIT	4.590661036209796	0.5	0.0	0.1
X1-X2-X3	JDIT	0.4808599085511805	0.5	0.1	0.1
X1-X2-X3-X4	JDIT	1.0458436553685524	0.5	0.1	0.1
X1-X2-X3-X4-X5	JDIT	1.9423852463945557	0.5	0.1	0.1
X1-X2-X3-X4-X5-X6	JDIT	2.3872381851120736	0.5	0.1	0.1
Z00-X1-X2-X3-X4-X5-X6	JDIT	4.16037361840964	0.5	0.1	0.1
Z01-X1-X2-X3-X4-X5-X6	JDIT	2.387237907499066	0.5	0.1	0.1
Z00-Z01-X1-X2-X3-X4-X5-X6	JDIT	4.22526509659052	0.5	0.1	0.1
X1-X2-X3	JDIT	0.22404958627144983	0.5	0.2	0.1
X1-X2-X3-X4	JDIT	0.6776457363731915	0.5	0.2	0.1
X1-X2-X3-X4-X5	JDIT	1.6070865238466052	0.5	0.2	0.1
X1-X2-X3-X4-X5-X6	JDIT	2.0389600807621457	0.5	0.2	0.1
Z00-X1-X2-X3-X4-X5-X6	JDIT	3.6945253273296883	0.5	0.2	0.1
Z01-X1-X2-X3-X4-X5-X6	JDIT	2.0389603425618885	0.5	0.2	0.1
Z00-Z01-X1-X2-X3-X4-X5-X6	JDIT	4.37117905109479	0.5	0.2	0.1
X1-X2-X3	JDIT	0.08532859121106258	0.5	0.3	0.1
X1-X2-X3-X4	JDIT	0.5174007798240531	0.5	0.3	0.1
X1-X2-X3-X4-X5	JDIT	1.541241121514322	0.5	0.3	0.1
X1-X2-X3-X4-X5-X6	JDIT	2.0866371401733437	0.5	0.3	0.1
Z00-X1-X2-X3-X4-X5-X6	JDIT	3.699118580639925	0.5	0.3	0.1
Z01-X1-X2-X3-X4-X5-X6	JDIT	2.0866375038065317	0.5	0.3	0.1
Z00-Z01-X1-X2-X3-X4-X5-X6	JDIT	4.814541608542145	0.5	0.3	0.1
X1-X2-X3	JDIT	0.04627283110061564	0.5	0.4	0.1
X1-X2-X3-X4	JDIT	0.4761991399954799	0.5	0.4	0.1
X1-X2-X3-X4-X5	JDIT	1.6155586642409552	0.5	0.4	0.1
X1-X2-X3-X4-X5-X6	JDIT	2.3017910245031055	0.5	0.4	0.1
Z00-X1-X2-X3-X4-X5-X6	JDIT	3.8982543241178305	0.5	0.4	0.1
Z01-X1-X2-X3-X4-X5-X6	JDIT	2.30179046361714	0.5	0.4	0.1
Z00-Z01-X1-X2-X3-X4-X5-X6	JDIT	5.325768698113623	0.5	0.4	0.1
X1-X2-X3	JDIT	0.05038474456404805	0.5	0.5	0.1
X1-X2-X3-X4	JDIT	0.5023222066246917	0.5	0.5	0.1
X1-X2-X3-X4-X5	JDIT	1.7562958801674131	0.5	0.5	0.1
X1-X2-X3-X4-X5-X6	JDIT	2.5898447134759883	0.5	0.5	0.1
Z00-X1-X2-X3-X4-X5-X6	JDIT	4.181948540578592	0.5	0.5	0.1
Z01-X1-X2-X3-X4-X5-X6	JDIT	2.5898454917890104	0.5	0.5	0.1
Z00-Z01-X1-X2-X3-X4-X5-X6	JDIT	5.850347777299495	0.5	0.5	0.1
X1-X2-X3	JDIT	0.08979042189715858	0.5	0.6	0.1
X1-X2-X3-X4	JDIT	0.5662273051299213	0.5	0.6	0.1
X1-X2-X3-X4-X5	JDIT	1.9384443946058032	0.5	0.6	0.1
X1-X2-X3-X4-X5-X6	JDIT	2.9021791231591405	0.5	0.6	0.1
Z00-X1-X2-X3-X4-X5-X6	JDIT	4.481607301175272	0.5	0.6	0.1
Z01-X1-X2-X3-X4-X5-X6	JDIT	2.902178344804306	0.5	0.6	0.1
Z00-Z01-X1-X2-X3-X4-X5-X6	JDIT	6.330794591343491	0.5	0.6	0.1
X1-X2-X3	JDIT	0.14186208365259925	0.5	0.7	0.1
X1-X2-X3-X4	JDIT	0.6577967889164642	0.5	0.7	0.1
X1-X2-X3-X4-X5	JDIT	2.1433709471898075	0.5	0.7	0.1
X1-X2-X3-X4-X5-X6	JDIT	3.2201297541712925	0.5	0.7	0.1
Z00-X1-X2-X3-X4-X5-X6	JDIT	4.790941976235114	0.5	0.7	0.1
Z01-X1-X2-X3-X4-X5-X6	JDIT	3.220130258188996	0.5	0.7	0.1
Z00-Z01-X1-X2-X3-X4-X5-X6	JDIT	6.788373984286163	0.5	0.7	0.1
X1-X2-X3	JDIT	0.20126973465598366	0.5	0.8	0.1
X1-X2-X3-X4	JDIT	0.7486966899364718	0.5	0.8	0.1
X1-X2-X3-X4-X5	JDIT	2.327924888511989	0.5	0.8	0.1
X1-X2-X3-X4-X5-X6	JDIT	3.5195713844883785	0.5	0.8	0.1
Z00-X1-X2-X3-X4-X5-X6	JDIT	5.082850583765342	0.5	0.8	0.1
Z01-X1-X2-X3-X4-X5-X6	JDIT	3.519573276432675	0.5	0.8	0.1
Z00-Z01-X1-X2-X3-X4-X5-X6	JDIT	7.205279156360601	0.5	0.8	0.1
X1-X2-X3	JDIT	0.26580620073440503	0.5	0.9	0.1
X1-X2-X3-X4	JDIT	0.8594435996646912	0.5	0.9	0.1
X1-X2-X3-X4-X5	JDIT	2.5350101311379296	0.5	0.9	0.1
X1-X2-X3-X4-X5-X6	JDIT	3.826140427487188	0.5	0.9	0.1
Z00-X1-X2-X3-X4-X5-X6	JDIT	5.377070279310577	0.5	0.9	0.1
Z01-X1-X2-X3-X4-X5-X6	JDIT	3.8261423411447724	0.5	0.9	0.1
Z00-Z01-X1-X2-X3-X4-X5-X6	JDIT	7.608104731950237	0.5	0.9	0.1
X1-X2-X3	JDIT	0.323114280891066	0.5	1.0	0.1
X1-X2-X3-X4	JDIT	0.9664114279868171	0.5	1.0	0.1
X1-X2-X3-X4-X5	JDIT	2.7268592563435337	0.5	1.0	0.1
X1-X2-X3-X4-X5-X6	JDIT	4.107668701241014	0.5	1.0	0.1
Z00-X1-X2-X3-X4-X5-X6	JDIT	5.6514980155366725	0.5	1.0	0.1
Z01-X1-X2-X3-X4-X5-X6	JDIT	4.107668151606502	0.5	1.0	0.1
Z00-Z01-X1-X2-X3-X4-X5-X6	JDIT	7.971915514144004	0.5	1.0	0.1
X1-X2-X3	JDIT	0.8270315163644908	0.6	0.0	0.1
X1-X2-X3-X4	JDIT	1.6742717620289647	0.6	0.0	0.1
X1-X2-X3-X4-X5	JDIT	2.7972930892875785	0.6	0.0	0.1
X1-X2-X3-X4-X5-X6	JDIT	3.534794399872877	0.6	0.0	0.1
Z00-X1-X2-X3-X4-X5-X6	JDIT	5.702344852871245	0.6	0.0	0.1
Z01-X1-X2-X3-X4-X5-X6	JDIT	3.5347952315275974	0.6	0.0	0.1
Z00-Z01-X1-X2-X3-X4-X5-X6	JDIT	5.199446993408083	0.6	0.0	0.1
X1-X2-X3	JDIT	0.5954428116406499	0.6	0.1	0.1
X1-X2-X3-X4	JDIT	1.2787422935578396	0.6	0.1	0.1
X1-X2-X3-X4-X5	JDIT	2.3144099917386907	0.6	0.1	0.1
X1-X2-X3-X4-X5-X6	JDIT	2.850485951266722	0.6	0.1	0.1
Z00-X1-X2-X3-X4-X5-X6	JDIT	4.793578685815371	0.6	0.1	0.1
Z01-X1-X2-X3-X4-X5-X6	JDIT	2.8504844607118254	0.6	0.1	0.1
Z00-Z01-X1-X2-X3-X4-X5-X6	JDIT	4.794876216000534	0.6	0.1	0.1
X1-X2-X3	JDIT	0.29963875131216156	0.6	0.2	0.1
X1-X2-X3-X4	JDIT	0.8432354693847361	0.6	0.2	0.1
X1-X2-X3-X4-X5	JDIT	1.8831941828755947	0.6	0.2	0.1
X1-X2-X3-X4-X5-X6	JDIT	2.392611552782946	0.6	0.2	0.1
Z00-X1-X2-X3-X4-X5-X6	JDIT	4.21912664884886	0.6	0.2	0.1
Z01-X1-X2-X3-X4-X5-X6	JDIT	2.3926116021076007	0.6	0.2	0.1
Z00-Z01-X1-X2-X3-X4-X5-X6	JDIT	4.839713136608983	0.6	0.2	0.1
X1-X2-X3	JDIT	0.12327713979870229	0.6	0.3	0.1
X1-X2-X3-X4	JDIT	0.6188655245780138	0.6	0.3	0.1
X1-X2-X3-X4-X5	JDIT	1.7330091759029753	0.6	0.3	0.1
X1-X2-X3-X4-X5-X6	JDIT	2.3230563091883965	0.6	0.3	0.1
Z00-X1-X2-X3-X4-X5-X6	JDIT	4.1030504711903895	0.6	0.3	0.1
Z01-X1-X2-X3-X4-X5-X6	JDIT	2.3230559723212822	0.6	0.3	0.1
Z00-Z01-X1-X2-X3-X4-X5-X6	JDIT	5.161853244375687	0.6	0.3	0.1
X1-X2-X3	JDIT	0.04077481608080411	0.6	0.4	0.1
X1-X2-X3-X4	JDIT	0.5223293071999066	0.6	0.4	0.1
X1-X2-X3-X4-X5	JDIT	1.730423824922666	0.6	0.4	0.1
X1-X2-X3-X4-X5-X6	JDIT	2.4362848230483856	0.6	0.4	0.1
Z00-X1-X2-X3-X4-X5-X6	JDIT	4.206583796510259	0.6	0.4	0.1
Z01-X1-X2-X3-X4-X5-X6	JDIT	2.4362842113279695	0.6	0.4	0.1
Z00-Z01-X1-X2-X3-X4-X5-X6	JDIT	5.591017568891601	0.6	0.4	0.1
X1-X2-X3	JDIT	0.017158210866204397	0.6	0.5	0.1
X1-X2-X3-X4	JDIT	0.5014055146820432	0.6	0.5	0.1
X1-X2-X3-X4-X5	JDIT	1.804919133121706	0.6	0.5	0.1
X1-X2-X3-X4-X5-X6	JDIT	2.6421201233598643	0.6	0.5	0.1
Z00-X1-X2-X3-X4-X5-X6	JDIT	4.404555744573605	0.6	0.5	0.1
Z01-X1-X2-X3-X4-X5-X6	JDIT	2.6421189952328294	0.6	0.5	0.1
Z00-Z01-X1-X2-X3-X4-X5-X6	JDIT	6.032097696467721	0.6	0.5	0.1
X1-X2-X3	JDIT	0.025970979778794773	0.6	0.6	0.1
X1-X2-X3-X4	JDIT	0.515864357171657	0.6	0.6	0.1
X1-X2-X3-X4-X5	JDIT	1.9206509639585143	0.6	0.6	0.1
X1-X2-X3-X4-X5-X6	JDIT	2.8777123364230714	0.6	0.6	0.1
Z00-X1-X2-X3-X4-X5-X6	JDIT	4.632879086002635	0.6	0.6	0.1
Z01-X1-X2-X3-X4-X5-X6	JDIT	2.87771247184946	0.6	0.6	0.1
Z00-Z01-X1-X2-X3-X4-X5-X6	JDIT	6.446543788198026	0.6	0.6	0.1
X1-X2-X3	JDIT	0.05000843265461745	0.6	0.7	0.1
X1-X2-X3-X4	JDIT	0.5624591990975842	0.6	0.7	0.1
X1-X2-X3-X4-X5	JDIT	2.0632498079103723	0.6	0.7	0.1
X1-X2-X3-X4-X5-X6	JDIT	3.1379587750192046	0.6	0.7	0.1
Z00-X1-X2-X3-X4-X5-X6	JDIT	4.8844871833786545	0.6	0.7	0.1
Z01-X1-X2-X3-X4-X5-X6	JDIT	3.1379570045618737	0.6	0.7	0.1
Z00-Z01-X1-X2-X3-X4-X5-X6	JDIT	6.851573078288075	0.6	0.7	0.1
X1-X2-X3	JDIT	0.08944948020665035	0.6	0.8	0.1
X1-X2-X3-X4	JDIT	0.6207948235400722	0.6	0.8	0.1
X1-X2-X3-X4-X5	JDIT	2.2134369894185273	0.6	0.8	0.1
X1-X2-X3-X4-X5-X6	JDIT	3.392135003853837	0.6	0.8	0.1
Z00-X1-X2-X3-X4-X5-X6	JDIT	5.130260621542436	0.6	0.8	0.1
Z01-X1-X2-X3-X4-X5-X6	JDIT	3.3921349786382358	0.6	0.8	0.1
Z00-Z01-X1-X2-X3-X4-X5-X6	JDIT	7.228042652772116	0.6	0.8	0.1
X1-X2-X3	JDIT	0.14131779222483037	0.6	0.9	0.1
X1-X2-X3-X4	JDIT	0.7042681040051575	0.6	0.9	0.1
X1-X2-X3-X4-X5	JDIT	2.3832084221768066	0.6	0.9	0.1
X1-X2-X3-X4-X5-X6	JDIT	3.658171050322564	0.6	0.9	0.1
Z00-X1-X2-X3-X4-X5-X6	JDIT	5.393678053541356	0.6	0.9	0.1
Z01-X1-X2-X3-X4-X5-X6	JDIT	3.6581702739752706	0.6	0.9	0.1
Z00-Z01-X1-X2-X3-X4-X5-X6	JDIT	7.600349759405203	0.6	0.9	0.1
X1-X2-X3	JDIT	0.18882916626200114	0.6	1.0	0.1
X1-X2-X3-X4	JDIT	0.7829216322227037	0.6	1.0	0.1
X1-X2-X3-X4-X5	JDIT	2.5484654488624456	0.6	1.0	0.1
X1-X2-X3-X4-X5-X6	JDIT	3.9158875879704533	0.6	1.0	0.1
Z00-X1-X2-X3-X4-X5-X6	JDIT	5.642441429132912	0.6	1.0	0.1
Z01-X1-X2-X3-X4-X5-X6	JDIT	3.915887377399789	0.6	1.0	0.1
Z00-Z01-X1-X2-X3-X4-X5-X6	JDIT	7.9472504603242395	0.6	1.0	0.1
X1-X2-X3	JDIT	0.945130738747858	0.7	0.0	0.1
X1-X2-X3-X4	JDIT	1.9081844986367666	0.7	0.0	0.1
X1-X2-X3-X4-X5	JDIT	3.161351045154471	0.7	0.0	0.1
X1-X2-X3-X4-X5-X6	JDIT	3.997053339353369	0.7	0.0	0.1
Z00-X1-X2-X3-X4-X5-X6	JDIT	6.306096057333784	0.7	0.0	0.1
Z01-X1-X2-X3-X4-X5-X6	JDIT	3.99705346896614	0.7	0.0	0.1
Z00-Z01-X1-X2-X3-X4-X5-X6	JDIT	5.7149048373745455	0.7	0.0	0.1
X1-X2-X3	JDIT	0.6971547920478661	0.7	0.1	0.1
X1-X2-X3-X4	JDIT	1.4863864076520477	0.7	0.1	0.1
X1-X2-X3-X4-X5	JDIT	2.6371664407991515	0.7	0.1	0.1
X1-X2-X3-X4-X5-X6	JDIT	3.2570271611597255	0.7	0.1	0.1
Z00-X1-X2-X3-X4-X5-X6	JDIT	5.345272024253463	0.7	0.1	0.1
Z01-X1-X2-X3-X4-X5-X6	JDIT	3.2570291759673835	0.7	0.1	0.1
Z00-Z01-X1-X2-X3-X4-X5-X6	JDIT	5.270430820421574	0.7	0.1	0.1
X1-X2-X3	JDIT	0.3732293481504717	0.7	0.2	0.1
X1-X2-X3-X4	JDIT	1.004619915638299	0.7	0.2	0.1
X1-X2-X3-X4-X5	JDIT	2.1527750786430486	0.7	0.2	0.1
X1-X2-X3-X4-X5-X6	JDIT	2.720129920928401	0.7	0.2	0.1
Z00-X1-X2-X3-X4-X5-X6	JDIT	4.685480541255184	0.7	0.2	0.1
Z01-X1-X2-X3-X4-X5-X6	JDIT	2.7201294004482137	0.7	0.2	0.1
Z00-Z01-X1-X2-X3-X4-X5-X6	JDIT	5.240299222530046	0.7	0.2	0.1
X1-X2-X3	JDIT	0.17406650514882388	0.7	0.3	0.1
X1-X2-X3-X4	JDIT	0.7380892714172372	0.7	0.3	0.1
X1-X2-X3-X4-X5	JDIT	1.9337487284618173	0.7	0.3	0.1
X1-X2-X3-X4-X5-X6	JDIT	2.5607582370726574	0.7	0.3	0.1
Z00-X1-X2-X3-X4-X5-X6	JDIT	4.482276071554388	0.7	0.3	0.1
Z01-X1-X2-X3-X4-X5-X6	JDIT	2.560758386358125	0.7	0.3	0.1
Z00-Z01-X1-X2-X3-X4-X5-X6	JDIT	5.476694876179236	0.7	0.3	0.1
X1-X2-X3	JDIT	0.054545562831656014	0.7	0.4	0.1
X1-X2-X3-X4	JDIT	0.5906037381266637	0.7	0.4	0.1
X1-X2-X3-X4-X5	JDIT	1.8631168231701305	0.7	0.4	0.1
X1-X2-X3-X4-X5-X6	JDIT	2.600076544565381	0.7	0.4	0.1
Z00-X1-X2-X3-X4-X5-X6	JDIT	4.5014229839065765	0.7	0.4	0.1
Z01-X1-X2-X3-X4-X5-X6	JDIT	2.6000768653657405	0.7	0.4	0.1
Z00-Z01-X1-X2-X3-X4-X5-X6	JDIT	5.829935603209586	0.7	0.4	0.1
X1-X2-X3	JDIT	0.001187475347984432	0.7	0.5	0.1
X1-X2-X3-X4	JDIT	0.5271604442941354	0.7	0.5	0.1
X1-X2-X3-X4-X5	JDIT	1.8850789066093454	0.7	0.5	0.1
X1-X2-X3-X4-X5-X6	JDIT	2.730517889191934	0.7	0.5	0.1
Z00-X1-X2-X3-X4-X5-X6	JDIT	4.623415665762596	0.7	0.5	0.1
Z01-X1-X2-X3-X4-X5-X6	JDIT	2.7305180433102243	0.7	0.5	0.1
Z00-Z01-X1-X2-X3-X4-X5-X6	JDIT	6.204517334020367	0.7	0.5	0.1
X1-X2-X3	JDIT	-0.013200975896317867	0.7	0.6	0.1
X1-X2-X3-X4	JDIT	0.5044531349955507	0.7	0.6	0.1
X1-X2-X3-X4-X5	JDIT	1.9448741684674347	0.7	0.6	0.1
X1-X2-X3-X4-X5-X6	JDIT	2.9096301056697094	0.7	0.6	0.1
Z00-X1-X2-X3-X4-X5-X6	JDIT	4.7999217825156135	0.7	0.6	0.1
Z01-X1-X2-X3-X4-X5-X6	JDIT	2.909628810820874	0.7	0.6	0.1
Z00-Z01-X1-X2-X3-X4-X5-X6	JDIT	6.583579968836683	0.7	0.6	0.1
X1-X2-X3	JDIT	-0.008895562481953171	0.7	0.7	0.1
X1-X2-X3-X4	JDIT	0.5153906481829013	0.7	0.7	0.1
X1-X2-X3-X4-X5	JDIT	2.0482580670897104	0.7	0.7	0.1
X1-X2-X3-X4-X5-X6	JDIT	3.121849151057351	0.7	0.7	0.1
Z00-X1-X2-X3-X4-X5-X6	JDIT	5.0058341368889145	0.7	0.7	0.1
Z01-X1-X2-X3-X4-X5-X6	JDIT	3.1218484842660295	0.7	0.7	0.1
Z00-Z01-X1-X2-X3-X4-X5-X6	JDIT	6.950667982039816	0.7	0.7	0.1
X1-X2-X3	JDIT	0.015599861670128199	0.7	0.8	0.1
X1-X2-X3-X4	JDIT	0.5597453620026643	0.7	0.8	0.1
X1-X2-X3-X4-X5	JDIT	2.1746873936923015	0.7	0.8	0.1
X1-X2-X3-X4-X5-X6	JDIT	3.350848229751393	0.7	0.8	0.1
Z00-X1-X2-X3-X4-X5-X6	JDIT	5.237825296230481	0.7	0.8	0.1
Z01-X1-X2-X3-X4-X5-X6	JDIT	3.3508483488652097	0.7	0.8	0.1
Z00-Z01-X1-X2-X3-X4-X5-X6	JDIT	7.315508096452588	0.7	0.8	0.1
X1-X2-X3	JDIT	0.04867440961835033	0.7	0.9	0.1
X1-X2-X3-X4	JDIT	0.6067070046757326	0.7	0.9	0.1
X1-X2-X3-X4-X5	JDIT	2.3000956078237342	0.7	0.9	0.1
X1-X2-X3-X4-X5-X6	JDIT	3.5653901600025195	0.7	0.9	0.1
Z00-X1-X2-X3-X4-X5-X6	JDIT	5.446995954121296	0.7	0.9	0.1
Z01-X1-X2-X3-X4-X5-X6	JDIT	3.565391085367646	0.7	0.9	0.1
Z00-Z01-X1-X2-X3-X4-X5-X6	JDIT	7.6331404113269175	0.7	0.9	0.1
X1-X2-X3	JDIT	0.09803828630860692	0.7	1.0	0.1
X1-X2-X3-X4	JDIT	0.6766772627155018	0.7	1.0	0.1
X1-X2-X3-X4-X5	JDIT	2.4436057685491486	0.7	1.0	0.1
X1-X2-X3-X4-X5-X6	JDIT	3.7901117837665987	0.7	1.0	0.1
Z00-X1-X2-X3-X4-X5-X6	JDIT	5.661451907035292	0.7	1.0	0.1
Z01-X1-X2-X3-X4-X5-X6	JDIT	3.790112183600981	0.7	1.0	0.1
Z00-Z01-X1-X2-X3-X4-X5-X6	JDIT	7.947247682867001	0.7	1.0	0.1
X1-X2-X3	JDIT	1.0496196050374555	0.8	0.0	0.1
X1-X2-X3-X4	JDIT	2.1243217072685265	0.8	0.0	0.1
X1-X2-X3-X4-X5	JDIT	3.4876283165316844	0.8	0.0	0.1
X1-X2-X3-X4-X5-X6	JDIT	4.403875215113752	0.8	0.0	0.1
Z00-X1-X2-X3-X4-X5-X6	JDIT	6.8397170596015755	0.8	0.0	0.1
Z01-X1-X2-X3-X4-X5-X6	JDIT	4.403874529609743	0.8	0.0	0.1
Z00-Z01-X1-X2-X3-X4-X5-X6	JDIT	6.170542311920942	0.8	0.0	0.1
X1-X2-X3	JDIT	0.7908220835876332	0.8	0.1	0.1
X1-X2-X3-X4	JDIT	1.6824907855234579	0.8	0.1	0.1
X1-X2-X3-X4-X5	JDIT	2.9414804112746338	0.8	0.1	0.1
X1-X2-X3-X4-X5-X6	JDIT	3.6320640563477626	0.8	0.1	0.1
Z00-X1-X2-X3-X4-X5-X6	JDIT	5.849093610374466	0.8	0.1	0.1
Z01-X1-X2-X3-X4-X5-X6	JDIT	3.632064699202158	0.8	0.1	0.1
Z00-Z01-X1-X2-X3-X4-X5-X6	JDIT	5.714786898207325	0.8	0.1	0.1
X1-X2-X3	JDIT	0.45519074268847276	0.8	0.2	0.1
X1-X2-X3-X4	JDIT	1.1721727998546831	0.8	0.2	0.1
X1-X2-X3-X4-X5	JDIT	2.4100855816831386	0.8	0.2	0.1
X1-X2-X3-X4-X5-X6	JDIT	3.0325956427817706	0.8	0.2	0.1
Z00-X1-X2-X3-X4-X5-X6	JDIT	5.1259438505199215	0.8	0.2	0.1
Z01-X1-X2-X3-X4-X5-X6	JDIT	3.0325957676174133	0.8	0.2	0.1
Z00-Z01-X1-X2-X3-X4-X5-X6	JDIT	5.617607197662224	0.8	0.2	0.1
X1-X2-X3	JDIT	0.22345735451866644	0.8	0.3	0.1
X1-X2-X3-X4	JDIT	0.8510497669450734	0.8	0.3	0.1
X1-X2-X3-X4-X5	JDIT	2.1298805121739153	0.8	0.3	0.1
X1-X2-X3-X4-X5-X6	JDIT	2.802135597684086	0.8	0.3	0.1
Z00-X1-X2-X3-X4-X5-X6	JDIT	4.841721058826989	0.8	0.3	0.1
Z01-X1-X2-X3-X4-X5-X6	JDIT	2.802135617101227	0.8	0.3	0.1
Z00-Z01-X1-X2-X3-X4-X5-X6	JDIT	5.786641416467522	0.8	0.3	0.1
X1-X2-X3	JDIT	0.07945162039550986	0.8	0.4	0.1
X1-X2-X3-X4	JDIT	0.6647777571269603	0.8	0.4	0.1
X1-X2-X3-X4-X5	JDIT	2.009780236770986	0.8	0.4	0.1
X1-X2-X3-X4-X5-X6	JDIT	2.7767567036108796	0.8	0.4	0.1
Z00-X1-X2-X3-X4-X5-X6	JDIT	4.796397426090501	0.8	0.4	0.1
Z01-X1-X2-X3-X4-X5-X6	JDIT	2.776757259496039	0.8	0.4	0.1
Z00-Z01-X1-X2-X3-X4-X5-X6	JDIT	6.081894265367002	0.8	0.4	0.1
X1-X2-X3	JDIT	-0.0038182725910048503	0.8	0.5	0.1
X1-X2-X3-X4	JDIT	0.5626398449963895	0.8	0.5	0.1
X1-X2-X3-X4-X5	JDIT	1.9745487788038925	0.8	0.5	0.1
X1-X2-X3-X4-X5-X6	JDIT	2.8470136123127476	0.8	0.5	0.1
Z00-X1-X2-X3-X4-X5-X6	JDIT	4.8553993921932745	0.8	0.5	0.1
Z01-X1-X2-X3-X4-X5-X6	JDIT	2.847013524506125	0.8	0.5	0.1
Z00-Z01-X1-X2-X3-X4-X5-X6	JDIT	6.395599548803764	0.8	0.5	0.1
X1-X2-X3	JDIT	-0.03733613459779512	0.8	0.6	0.1
X1-X2-X3-X4	JDIT	0.5200506010958644	0.8	0.6	0.1
X1-X2-X3-X4-X5	JDIT	2.0073777267000072	0.8	0.6	0.1
X1-X2-X3-X4-X5-X6	JDIT	2.9730969402709984	0.8	0.6	0.1
Z00-X1-X2-X3-X4-X5-X6	JDIT	4.972469936202087	0.8	0.6	0.1
Z01-X1-X2-X3-X4-X5-X6	JDIT	2.9730945512389697	0.8	0.6	0.1
Z00-Z01-X1-X2-X3-X4-X5-X6	JDIT	6.717883455272171	0.8	0.6	0.1
X1-X2-X3	JDIT	-0.04384130621068611	0.8	0.7	0.1
X1-X2-X3-X4	JDIT	0.5062951647937561	0.8	0.7	0.1
X1-X2-X3-X4-X5	JDIT	2.0646959441298867	0.8	0.7	0.1
X1-X2-X3-X4-X5-X6	JDIT	3.137185599459194	0.8	0.7	0.1
Z00-X1-X2-X3-X4-X5-X6	JDIT	5.13741256859115	0.8	0.7	0.1
Z01-X1-X2-X3-X4-X5-X6	JDIT	3.137184484146225	0.8	0.7	0.1
Z00-Z01-X1-X2-X3-X4-X5-X6	JDIT	7.043689641622798	0.8	0.7	0.1
X1-X2-X3	JDIT	-0.038707715493139165	0.8	0.8	0.1
X1-X2-X3-X4	JDIT	0.5170101245913072	0.8	0.8	0.1
X1-X2-X3-X4-X5	JDIT	2.155669808874121	0.8	0.8	0.1
X1-X2-X3-X4-X5-X6	JDIT	3.328275343292943	0.8	0.8	0.1
Z00-X1-X2-X3-X4-X5-X6	JDIT	5.329941916384546	0.8	0.8	0.1
Z01-X1-X2-X3-X4-X5-X6	JDIT	3.328276102642188	0.8	0.8	0.1
Z00-Z01-X1-X2-X3-X4-X5-X6	JDIT	7.3754069569432374	0.8	0.8	0.1
X1-X2-X3	JDIT	-0.011101154014758119	0.8	0.9	0.1
X1-X2-X3-X4	JDIT	0.556654916146856	0.8	0.9	0.1
X1-X2-X3-X4-X5	JDIT	2.269308974540854	0.8	0.9	0.1
X1-X2-X3-X4-X5-X6	JDIT	3.5296652781305573	0.8	0.9	0.1
Z00-X1-X2-X3-X4-X5-X6	JDIT	5.52624242634327	0.8	0.9	0.1
Z01-X1-X2-X3-X4-X5-X6	JDIT	3.5296623274888845	0.8	0.9	0.1
Z00-Z01-X1-X2-X3-X4-X5-X6	JDIT	7.692236869788639	0.8	0.9	0.1
X1-X2-X3	JDIT	0.016585593625494766	0.8	1.0	0.1
X1-X2-X3-X4	JDIT	0.5912778198131031	0.8	1.0	0.1
X1-X2-X3-X4-X5	JDIT	2.3767477311128244	0.8	1.0	0.1
X1-X2-X3-X4-X5-X6	JDIT	3.7220726984623864	0.8	1.0	0.1
Z00-X1-X2-X3-X4-X5-X6	JDIT	5.716499985118182	0.8	1.0	0.1
Z01-X1-X2-X3-X4-X5-X6	JDIT	3.722071338937232	0.8	1.0	0.1
Z00-Z01-X1-X2-X3-X4-X5-X6	JDIT	7.984570629384723	0.8	1.0	0.1
X1-X2-X3	JDIT	1.1400783389413898	0.9	0.0	0.1
X1-X2-X3-X4	JDIT	2.3104003830147053	0.9	0.0	0.1
X1-X2-X3-X4-X5	JDIT	3.769341386438223	0.9	0.0	0.1
X1-X2-X3-X4-X5-X6	JDIT	4.760552229745355	0.9	0.0	0.1
Z00-X1-X2-X3-X4-X5-X6	JDIT	7.3043662099521764	0.9	0.0	0.1
Z01-X1-X2-X3-X4-X5-X6	JDIT	4.76055249046799	0.9	0.0	0.1
Z00-Z01-X1-X2-X3-X4-X5-X6	JDIT	6.558533355955937	0.9	0.0	0.1
X1-X2-X3	JDIT	0.8791923214753217	0.9	0.1	0.1
X1-X2-X3-X4	JDIT	1.8611807070833186	0.9	0.1	0.1
X1-X2-X3-X4-X5	JDIT	3.2100261107197943	0.9	0.1	0.1
X1-X2-X3-X4-X5-X6	JDIT	3.9719237769551037	0.9	0.1	0.1
Z00-X1-X2-X3-X4-X5-X6	JDIT	6.296775431051043	0.9	0.1	0.1
Z01-X1-X2-X3-X4-X5-X6	JDIT	3.9719236797406756	0.9	0.1	0.1
Z00-Z01-X1-X2-X3-X4-X5-X6	JDIT	6.093069394078636	0.9	0.1	0.1
X1-X2-X3	JDIT	0.527597722826631	0.9	0.2	0.1
X1-X2-X3-X4	JDIT	1.3269275410685537	0.9	0.2	0.1
X1-X2-X3-X4-X5	JDIT	2.6517895301751424	0.9	0.2	0.1
X1-X2-X3-X4-X5-X6	JDIT	3.3413099666820876	0.9	0.2	0.1
Z00-X1-X2-X3-X4-X5-X6	JDIT	5.542657998476729	0.9	0.2	0.1
Z01-X1-X2-X3-X4-X5-X6	JDIT	3.3413098041433003	0.9	0.2	0.1
Z00-Z01-X1-X2-X3-X4-X5-X6	JDIT	5.97436185161277	0.9	0.2	0.1
X1-X2-X3	JDIT	0.26223273225516514	0.9	0.3	0.1
X1-X2-X3-X4	JDIT	0.9651659552381426	0.9	0.3	0.1
X1-X2-X3-X4-X5	JDIT	2.3180971575573777	0.9	0.3	0.1
X1-X2-X3-X4-X5-X6	JDIT	3.0459255353870893	0.9	0.3	0.1
Z00-X1-X2-X3-X4-X5-X6	JDIT	5.196200955194291	0.9	0.3	0.1
Z01-X1-X2-X3-X4-X5-X6	JDIT	3.0459262451736966	0.9	0.3	0.1
Z00-Z01-X1-X2-X3-X4-X5-X6	JDIT	6.0884222420162875	0.9	0.3	0.1
X1-X2-X3	JDIT	0.10567099816119703	0.9	0.4	0.1
X1-X2-X3-X4	JDIT	0.7541975580160014	0.9	0.4	0.1
X1-X2-X3-X4-X5	JDIT	2.162670607020936	0.9	0.4	0.1
X1-X2-X3-X4-X5-X6	JDIT	2.9627232339568503	0.9	0.4	0.1
Z00-X1-X2-X3-X4-X5-X6	JDIT	5.087059075253852	0.9	0.4	0.1
Z01-X1-X2-X3-X4-X5-X6	JDIT	2.9627233962211244	0.9	0.4	0.1
Z00-Z01-X1-X2-X3-X4-X5-X6	JDIT	6.322291586173553	0.9	0.4	0.1
X1-X2-X3	JDIT	0.006218248389850204	0.9	0.5	0.1
X1-X2-X3-X4	JDIT	0.6291894154983181	0.9	0.5	0.1
X1-X2-X3-X4-X5	JDIT	2.0945689330657107	0.9	0.5	0.1
X1-X2-X3-X4-X5-X6	JDIT	2.984265205643113	0.9	0.5	0.1
Z00-X1-X2-X3-X4-X5-X6	JDIT	5.098277570811903	0.9	0.5	0.1
Z01-X1-X2-X3-X4-X5-X6	JDIT	2.9842638868467106	0.9	0.5	0.1
Z00-Z01-X1-X2-X3-X4-X5-X6	JDIT	6.591461291028233	0.9	0.5	0.1
X1-X2-X3	JDIT	-0.04703727560887348	0.9	0.6	0.1
X1-X2-X3-X4	JDIT	0.5549045643948486	0.9	0.6	0.1
X1-X2-X3-X4-X5	JDIT	2.0847374261288616	0.9	0.6	0.1
X1-X2-X3-X4-X5-X6	JDIT	3.0764553214242696	0.9	0.6	0.1
Z00-X1-X2-X3-X4-X5-X6	JDIT	5.183235617238235	0.9	0.6	0.1
Z01-X1-X2-X3-X4-X5-X6	JDIT	3.0764552255947635	0.9	0.6	0.1
Z00-Z01-X1-X2-X3-X4-X5-X6	JDIT	6.887250662848982	0.9	0.6	0.1
X1-X2-X3	JDIT	-0.06485037518401238	0.9	0.7	0.1
X1-X2-X3-X4	JDIT	0.5227802718580815	0.9	0.7	0.1
X1-X2-X3-X4-X5	JDIT	2.1191184350202206	0.9	0.7	0.1
X1-X2-X3-X4-X5-X6	JDIT	3.203535672457771	0.9	0.7	0.1
Z00-X1-X2-X3-X4-X5-X6	JDIT	5.3067003543223	0.9	0.7	0.1
Z01-X1-X2-X3-X4-X5-X6	JDIT	3.203534766735184	0.9	0.7	0.1
Z00-Z01-X1-X2-X3-X4-X5-X6	JDIT	7.184426598217927	0.9	0.7	0.1
X1-X2-X3	JDIT	-0.0732796411571155	0.9	0.8	0.1
X1-X2-X3-X4	JDIT	0.5037277668640433	0.9	0.8	0.1
X1-X2-X3-X4-X5	JDIT	2.173655459308085	0.9	0.8	0.1
X1-X2-X3-X4-X5-X6	JDIT	3.3539539114975105	0.9	0.8	0.1
Z00-X1-X2-X3-X4-X5-X6	JDIT	5.455890439702861	0.9	0.8	0.1
Z01-X1-X2-X3-X4-X5-X6	JDIT	3.3539544451765493	0.9	0.8	0.1
Z00-Z01-X1-X2-X3-X4-X5-X6	JDIT	7.477125783295401	0.9	0.8	0.1
X1-X2-X3	JDIT	-0.06236631066873348	0.9	0.9	0.1
X1-X2-X3-X4	JDIT	0.5158919344844912	0.9	0.9	0.1
X1-X2-X3-X4-X5	JDIT	2.2477868532976233	0.9	0.9	0.1
X1-X2-X3-X4-X5-X6	JDIT	3.5082726870971372	0.9	0.9	0.1
Z00-X1-X2-X3-X4-X5-X6	JDIT	5.6055027714854875	0.9	0.9	0.1
Z01-X1-X2-X3-X4-X5-X6	JDIT	3.508271493303367	0.9	0.9	0.1
Z00-Z01-X1-X2-X3-X4-X5-X6	JDIT	7.743540823894259	0.9	0.9	0.1
X1-X2-X3	JDIT	-0.042179653617483596	0.9	1.0	0.1
X1-X2-X3-X4	JDIT	0.5531108605202569	0.9	1.0	0.1
X1-X2-X3-X4-X5	JDIT	2.3515473422578497	0.9	1.0	0.1
X1-X2-X3-X4-X5-X6	JDIT	3.6921956540440646	0.9	1.0	0.1
Z00-X1-X2-X3-X4-X5-X6	JDIT	5.786043034290524	0.9	1.0	0.1
Z01-X1-X2-X3-X4-X5-X6	JDIT	3.6921956993977068	0.9	1.0	0.1
Z00-Z01-X1-X2-X3-X4-X5-X6	JDIT	8.02787060400385	0.9	1.0	0.1
X1-X2-X3	JDIT	1.2273784830253378	1.0	0.0	0.1
X1-X2-X3-X4	JDIT	2.4851424835898452	1.0	0.0	0.1
X1-X2-X3-X4-X5	JDIT	4.035788266826863	1.0	0.0	0.1
X1-X2-X3-X4-X5-X6	JDIT	5.096126395608925	1.0	0.0	0.1
Z00-X1-X2-X3-X4-X5-X6	JDIT	7.736337853508113	1.0	0.0	0.1
Z01-X1-X2-X3-X4-X5-X6	JDIT	5.0961258040933775	1.0	0.0	0.1
Z00-Z01-X1-X2-X3-X4-X5-X6	JDIT	6.921348779269041	1.0	0.0	0.1
X1-X2-X3	JDIT	0.9570332158758177	1.0	0.1	0.1
X1-X2-X3-X4	JDIT	2.0224950311595693	1.0	0.1	0.1
X1-X2-X3-X4-X5	JDIT	3.455207141175264	1.0	0.1	0.1
X1-X2-X3-X4-X5-X6	JDIT	4.284126138456324	1.0	0.1	0.1
Z00-X1-X2-X3-X4-X5-X6	JDIT	6.706589351429001	1.0	0.1	0.1
Z01-X1-X2-X3-X4-X5-X6	JDIT	4.28412559640329	1.0	0.1	0.1
Z00-Z01-X1-X2-X3-X4-X5-X6	JDIT	6.4458791911060205	1.0	0.1	0.1
X1-X2-X3	JDIT	0.5889870396096313	1.0	0.2	0.1
X1-X2-X3-X4	JDIT	1.4649162559359017	1.0	0.2	0.1
X1-X2-X3-X4-X5	JDIT	2.862238123245118	1.0	0.2	0.1
X1-X2-X3-X4-X5-X6	JDIT	3.597594720728246	1.0	0.2	0.1
Z00-X1-X2-X3-X4-X5-X6	JDIT	5.893595192256507	1.0	0.2	0.1
Z01-X1-X2-X3-X4-X5-X6	JDIT	3.5975963089242398	1.0	0.2	0.1
Z00-Z01-X1-X2-X3-X4-X5-X6	JDIT	6.260876536245192	1.0	0.2	0.1
X1-X2-X3	JDIT	0.3252931078443062	1.0	0.3	0.1
X1-X2-X3-X4	JDIT	1.0925433500311654	1.0	0.3	0.1
X1-X2-X3-X4-X5	JDIT	2.5130298738273873	1.0	0.3	0.1
X1-X2-X3-X4-X5-X6	JDIT	3.2772281201665705	1.0	0.3	0.1
Z00-X1-X2-X3-X4-X5-X6	JDIT	5.51588554382222	1.0	0.3	0.1
Z01-X1-X2-X3-X4-X5-X6	JDIT	3.2772286380115623	1.0	0.3	0.1
Z00-Z01-X1-X2-X3-X4-X5-X6	JDIT	6.339311238396994	1.0	0.3	0.1
X1-X2-X3	JDIT	0.14156398311973323	1.0	0.4	0.1
X1-X2-X3-X4	JDIT	0.8456080956642685	1.0	0.4	0.1
X1-X2-X3-X4-X5	JDIT	2.3110088584219417	1.0	0.4	0.1
X1-X2-X3-X4-X5-X6	JDIT	3.144006557343563	1.0	0.4	0.1
Z00-X1-X2-X3-X4-X5-X6	JDIT	5.358458344694792	1.0	0.4	0.1
Z01-X1-X2-X3-X4-X5-X6	JDIT	3.144006229818231	1.0	0.4	0.1
Z00-Z01-X1-X2-X3-X4-X5-X6	JDIT	6.536251408935778	1.0	0.4	0.1
X1-X2-X3	JDIT	0.02408066671918066	1.0	0.5	0.1
X1-X2-X3-X4	JDIT	0.689629585248532	1.0	0.5	0.1
X1-X2-X3-X4-X5	JDIT	2.2103781371677163	1.0	0.5	0.1
X1-X2-X3-X4-X5-X6	JDIT	3.123748053797465	1.0	0.5	0.1
Z00-X1-X2-X3-X4-X5-X6	JDIT	5.323227928308213	1.0	0.5	0.1
Z01-X1-X2-X3-X4-X5-X6	JDIT	3.123747765696684	1.0	0.5	0.1
Z00-Z01-X1-X2-X3-X4-X5-X6	JDIT	6.77053454714153	1.0	0.5	0.1
X1-X2-X3	JDIT	-0.047423623912436715	1.0	0.6	0.1
X1-X2-X3-X4	JDIT	0.5946087243049556	1.0	0.6	0.1
X1-X2-X3-X4-X5	JDIT	2.1676967396671705	1.0	0.6	0.1
X1-X2-X3-X4-X5-X6	JDIT	3.17413329621741	1.0	0.6	0.1
Z00-X1-X2-X3-X4-X5-X6	JDIT	5.3681042943418635	1.0	0.6	0.1
Z01-X1-X2-X3-X4-X5-X6	JDIT	3.174132425023207	1.0	0.6	0.1
Z00-Z01-X1-X2-X3-X4-X5-X6	JDIT	7.032736326213675	1.0	0.6	0.1
X1-X2-X3	JDIT	-0.0898314511739027	1.0	0.7	0.1
X1-X2-X3-X4	JDIT	0.5367364742913263	1.0	0.7	0.1
X1-X2-X3-X4-X5	JDIT	2.173978504005893	1.0	0.7	0.1
X1-X2-X3-X4-X5-X6	JDIT	3.271062506200265	1.0	0.7	0.1
Z00-X1-X2-X3-X4-X5-X6	JDIT	5.461731264831456	1.0	0.7	0.1
Z01-X1-X2-X3-X4-X5-X6	JDIT	3.271063462798904	1.0	0.7	0.1
Z00-Z01-X1-X2-X3-X4-X5-X6	JDIT	7.307124168040675	1.0	0.7	0.1
X1-X2-X3	JDIT	-0.09485567599760628	1.0	0.8	0.1
X1-X2-X3-X4	JDIT	0.5199369838527732	1.0	0.8	0.1
X1-X2-X3-X4-X5	JDIT	2.217529562930716	1.0	0.8	0.1
X1-X2-X3-X4-X5-X6	JDIT	3.3958368834285464	1.0	0.8	0.1
Z00-X1-X2-X3-X4-X5-X6	JDIT	5.583103535619577	1.0	0.8	0.1
Z01-X1-X2-X3-X4-X5-X6	JDIT	3.3958398165664447	1.0	0.8	0.1
Z00-Z01-X1-X2-X3-X4-X5-X6	JDIT	7.570054263274203	1.0	0.8	0.1
X1-X2-X3	JDIT	-0.10200608487043397	1.0	0.9	0.1
X1-X2-X3-X4	JDIT	0.508845502769997	1.0	0.9	0.1
X1-X2-X3-X4-X5	JDIT	2.2681238047743895	1.0	0.9	0.1
X1-X2-X3-X4-X5-X6	JDIT	3.535474858066027	1.0	0.9	0.1
Z00-X1-X2-X3-X4-X5-X6	JDIT	5.721389105048779	1.0	0.9	0.1
Z01-X1-X2-X3-X4-X5-X6	JDIT	3.535472689754557	1.0	0.9	0.1
Z00-Z01-X1-X2-X3-X4-X5-X6	JDIT	7.833759119179876	1.0	0.9	0.1
X1-X2-X3	JDIT	-0.09297983413783942	1.0	1.0	0.1
X1-X2-X3-X4	JDIT	0.516218357173898	1.0	1.0	0.1
X1-X2-X3-X4-X5	JDIT	2.3324940683182533	1.0	1.0	0.1
X1-X2-X3-X4-X5-X6	JDIT	3.669348726861654	1.0	1.0	0.1
Z00-X1-X2-X3-X4-X5-X6	JDIT	5.853220994186741	1.0	1.0	0.1
Z01-X1-X2-X3-X4-X5-X6	JDIT	3.669350088900125	1.0	1.0	0.1
Z00-Z01-X1-X2-X3-X4-X5-X6	JDIT	8.071722384012883	1.0	1.0	0.1
