distribution	alpha	window	O-information	Total Correlation	Dual Total Correlation	S-information
hh_normal	0.0	0	-0.005555398303218	0.007110712243790118	0.01266611871821476	0.019776875198888096
hh_normal	0.0	1	0.011478819618176058	-0.004836189295538418	-0.01631491717098478	-0.021150258167595845
hh_normal	0.0	2	0.013161106641189347	-0.008697980378482129	-0.02185917638249585	-0.030557432203102055
hh_normal	0.0	3	-0.006885825237127887	-0.001553658736106911	0.005331787757902433	0.003778370601163589
hh_normal	0.0	4	0.015505895616895075	-0.008491218632471487	-0.024000175422035423	-0.032491477333957734
hh_normal	0.0	5	-0.007166390661436183	0.005527542724937717	0.012694030484443064	0.01822166665883959
hh_normal	0.0	6	-0.009587895753250092	0.003935390575101394	0.013529597608703921	0.01746496340203423
hh_normal	0.0	7	0.0027911843275258757	-0.0034736555578476214	-0.006264867338417367	-0.00973866548272408
hh_normal	0.0	8	-0.019547848268755087	0.015216175410063926	0.034764017453150386	0.04998040932197044
hh_normal	0.0	9	-8.154055305786434E-4	-0.003949046580132176	-0.003133570223881894	-0.007082608381903907
hh_normal	0.1	0	-0.004356542594560018	0.01742481905542803	0.021781336666085695	0.03920626548839656
hh_normal	0.1	1	-4.143403719330343E-4	0.014999972809331297	0.015414162598397917	0.030414018476063738
hh_normal	0.1	2	0.0020930172273899714	0.012469433276411479	0.010376350817447734	0.02284571310197708
hh_normal	0.1	3	-0.0016868380192929908	0.014370907334431138	0.016057500285736926	0.030428274935809685
hh_normal	0.1	4	0.017790016053480216	0.009086876014222867	-0.008703204994853157	3.836554894407632E-4
hh_normal	0.1	5	-0.0030300847567432806	0.01722254582748306	0.020252739115868713	0.03747528473272642
hh_normal	0.1	6	-0.0013025011289159445	0.017942535266705306	0.019245099173307172	0.03718903210643966
hh_normal	0.1	7	-7.632399304052522E-4	0.019873912819246442	0.020637124322533153	0.040511005859143454
hh_normal	0.1	8	0.0021401398770608824	0.015616170416201669	0.013476163869137863	0.029092143140159944
hh_normal	0.1	9	0.007659988395707455	0.007106000243382482	-5.539934255852266E-4	0.006552106411008756
hh_normal	0.2	0	0.001395709550355537	0.05182785260375766	0.05043177716195972	0.10225908909553341
hh_normal	0.2	1	9.66886970778609E-4	0.051588857131772414	0.050622139012507505	0.10221127860391735
hh_normal	0.2	2	0.022514682925461153	0.04430383255150616	0.021789149626041455	0.06609302106686131
hh_normal	0.2	3	-0.009823559823265196	0.06351336868717183	0.07333683647729804	0.13685025353281585
hh_normal	0.2	4	0.025185095778918188	0.03629296976437857	0.011107863592965863	0.04740067328188901
hh_normal	0.2	5	-0.0036288622828726394	0.059919131879659915	0.06354806274020128	0.12346240109874933
hh_normal	0.2	6	-0.006471530058361244	0.05721552238436445	0.06368688107340467	0.12090242047835273
hh_normal	0.2	7	0.0019525032467648386	0.05297572471873124	0.051023093127096616	0.10399884014845392
hh_normal	0.2	8	-0.008178924652503024	0.05895202644201447	0.06713094384966754	0.12608309946848334
hh_normal	0.2	9	-0.0060293941640941545	0.0581108998856088	0.06414033181966926	0.12225117050577017
hh_normal	0.3	0	-0.014786035221482563	0.12332653392706305	0.13811248558238526	0.26143904508381527
hh_normal	0.3	1	-0.008913916461662298	0.12602970620825005	0.1349434468284549	0.2609730941840703
hh_normal	0.3	2	8.852992510059764E-6	0.12293193148507697	0.12292289623885636	0.24585472847340833
hh_normal	0.3	3	-0.005666789296174334	0.11785854079090541	0.1235250891290894	0.24138343826638647
hh_normal	0.3	4	-0.0015878277683172223	0.10560941992109818	0.10719706540583804	0.21280636690032
hh_normal	0.3	5	-0.01294408717705592	0.11738664797062626	0.13033070833079696	0.24771177410920953
hh_normal	0.3	6	-0.009802392249569332	0.12459911276226165	0.13440147163471647	0.25900053761829006
hh_normal	0.3	7	-0.025545263459547114	0.12852718406708874	0.1540725472958956	0.28259987140933224
hh_normal	0.3	8	-0.006952390465217171	0.12340301383908425	0.13035797487545095	0.2537612386835527
hh_normal	0.3	9	-0.0065574061241667515	0.1231356363894136	0.12969907599359298	0.25283477305453267
hh_normal	0.4	0	-0.016334648721242056	0.19150071213353215	0.20783538588606248	0.3993362978832473
hh_normal	0.4	1	-0.02607629570642005	0.19983412663025746	0.22591032974408157	0.4257445361913855
hh_normal	0.4	2	-0.0210557723275008	0.1931669187404914	0.21422274583250978	0.40738975808746736
hh_normal	0.4	3	-0.0375252383176398	0.20222311380705804	0.23974860158217834	0.4419736158582051
hh_normal	0.4	4	-0.010268487903992929	0.18284413368776242	0.1931124110654227	0.3759563167985446
hh_normal	0.4	5	-0.031825699428986304	0.21819736701135284	0.25003994976787286	0.4682374243800758
hh_normal	0.4	6	-0.02717817850693423	0.19735868519669708	0.22453686081260968	0.42189524002161993
hh_normal	0.4	7	-0.032293243177667	0.19750607074848503	0.22979926995077335	0.4273052760164096
hh_normal	0.4	8	-0.0222606630619651	0.20385450971799912	0.22611494018400716	0.429969027981397
hh_normal	0.4	9	-0.03656428990378134	0.1961040810213781	0.23266154588823987	0.4287723884072555
hh_normal	0.5	0	-0.056114398176448095	0.28296076428230776	0.33907514001181643	0.6220359622959298
hh_normal	0.5	1	-0.042660204457473795	0.2739947510378613	0.31665489243036576	0.5906496635309431
hh_normal	0.5	2	-0.07291574216910039	0.28769104414394775	0.3606068023298097	0.6482977866122699
hh_normal	0.5	3	-0.05221095559036765	0.2757692546158381	0.3279803426944186	0.6037499901465011
hh_normal	0.5	4	-0.046946470506729295	0.2722172719554905	0.31916346350300717	0.5913804881299788
hh_normal	0.5	5	-0.07055888721398607	0.3027758820322859	0.373334815606962	0.6761105743466603
hh_normal	0.5	6	-0.06162687671281342	0.2825326333370697	0.3441594207960994	0.626692124015281
hh_normal	0.5	7	-0.05407488889763218	0.2808961057637127	0.3349710302358716	0.6158669827511498
hh_normal	0.5	8	-0.05402047932852341	0.281550892218732	0.3355680124910164	0.617125708844531
hh_normal	0.5	9	-0.04827511275486628	0.2771621455284823	0.3254374855133244	0.6025994619815531
hh_normal	0.6	0	-0.0973666084402706	0.3735386157059466	0.4709052473781049	0.844444895055001
hh_normal	0.6	1	-0.08418595327525638	0.3783443470484009	0.46252989144923223	0.840873953635292
hh_normal	0.6	2	-0.10562676417319684	0.3850482180204118	0.49067491563180693	0.8757231645563051
hh_normal	0.6	3	-0.1035904143093643	0.38124462163299455	0.4848349249801857	0.8660792772796574
hh_normal	0.6	4	-0.09216975951431736	0.35335540510744323	0.4455230614792612	0.7988783838052474
hh_normal	0.6	5	-0.09484030213780556	0.36471368506361657	0.4595538593543168	0.8242675675446162
hh_normal	0.6	6	-0.09838263902852064	0.3714089168600019	0.4697914055463529	0.841200394135723
hh_normal	0.6	7	-0.09561825872592924	0.37236271782935404	0.467981061879514	0.8403438355465486
hh_normal	0.6	8	-0.09103424062013032	0.3774426365553687	0.46847693745277835	0.8459225238449702
hh_normal	0.6	9	-0.09328016475850535	0.38098695772306	0.4742684538896865	0.8552553130352041
hh_normal	0.7	0	-0.14828633925292073	0.44419432510856893	0.5924806643614945	1.0366751344219534
hh_normal	0.7	1	-0.140269825604514	0.4514214785311381	0.5916912185924497	1.0431127510341152
hh_normal	0.7	2	-0.16419037991727825	0.4618157155256313	0.6260058765461463	1.0878215772613378
hh_normal	0.7	3	-0.15342622691825994	0.4709637164928715	0.6243899729291894	1.09535842699861
hh_normal	0.7	4	-0.1469191987974471	0.4542472517309655	0.601166465313367	1.0554137308379048
hh_normal	0.7	5	-0.1336735954479132	0.45566943853945574	0.5893429348981437	1.0450124311839968
hh_normal	0.7	6	-0.14145767962060124	0.44960278909058005	0.591058147098354	1.0406631543561358
hh_normal	0.7	7	-0.1419858176798719	0.4540833638264665	0.596062646105485	1.0501458376307196
hh_normal	0.7	8	-0.1522777375923297	0.46568024452752255	0.6179581279996655	1.0836387237575817
hh_normal	0.7	9	-0.1406746783432442	0.454447944411168	0.5951225274255252	1.049574583553444
hh_normal	0.8	0	-0.20937369317208682	0.5443341939606228	0.7537078503593787	1.2980420932364742
hh_normal	0.8	1	-0.20387574025584923	0.529958305501804	0.7338338354420291	1.2637917999188537
hh_normal	0.8	2	-0.21121441016982473	0.5410345596549391	0.7522436403978202	1.2932833049571317
hh_normal	0.8	3	-0.20859775349750298	0.5498445166282053	0.7584423653947261	1.308285107905038
hh_normal	0.8	4	-0.1857549874426256	0.5258664278351333	0.7116215866677265	1.2374878593972403
hh_normal	0.8	5	-0.2159350507620318	0.5510609023578041	0.7669958748725693	1.3180568658973146
hh_normal	0.8	6	-0.17762558226923209	0.5339867693179414	0.7116124252791415	1.2455994921128994
hh_normal	0.8	7	-0.20072884177515918	0.5324638947003457	0.7331966040188517	1.2656564047647665
hh_normal	0.8	8	-0.20300397557723593	0.5451675044664874	0.7481715290970016	1.2933393162387525
hh_normal	0.8	9	-0.19525136121115574	0.537505337657052	0.7327551384849516	1.2702606300178794
hh_normal	0.9	0	-0.2837211287969006	0.639670258859514	0.923391345490326	1.5630615572669284
hh_normal	0.9	1	-0.2684085217548427	0.6131382593596122	0.8815462631590272	1.4946916359661355
hh_normal	0.9	2	-0.28141285995403387	0.6281566597699708	0.9095708743903448	1.537727364135607
hh_normal	0.9	3	-0.27937620769934496	0.6424530067373588	0.9218292929794409	1.564282147475907
hh_normal	0.9	4	-0.2798787863525283	0.6287552953670144	0.9086339331063188	1.5373891814852012
hh_normal	0.9	5	-0.2756462309661894	0.6216987505355327	0.8973450151133685	1.519043852363427
hh_normal	0.9	6	-0.2615847594539684	0.6228800898687794	0.8844647557081952	1.5073446028212758
hh_normal	0.9	7	-0.2686294735578324	0.6274034278366365	0.8960328858838003	1.523435917567356
hh_normal	0.9	8	-0.2674429541769636	0.6324634061373118	0.899906575915818	1.5323655674955234
hh_normal	0.9	9	-0.2940353362962461	0.6346808196324503	0.9287198887908147	1.563396794527133
hh_normal	1.0	0	-0.33743526183280426	0.6954317231158207	1.0328669559645973	1.728298763859919
hh_normal	1.0	1	-0.3505354053673008	0.7059361107028543	1.056471261180151	1.7624074822685518
hh_normal	1.0	2	-0.3368734479969138	0.7079035786554755	1.0447770938948213	1.7526809136698602
hh_normal	1.0	3	-0.32800112709339374	0.7003597110669375	1.0283608450613633	1.7287204535247849
hh_normal	1.0	4	-0.3304030145884261	0.6998778566440755	1.0302806850156154	1.7301582446033414
hh_normal	1.0	5	-0.34735311196994517	0.7197664214217099	1.0671192977892332	1.786885601722165
hh_normal	1.0	6	-0.3470211016283139	0.6970474908440067	1.0440684035255234	1.7411159874041642
hh_normal	1.0	7	-0.32949171204632777	0.6763376969374661	1.0058290301492236	1.68216616909089
hh_normal	1.0	8	-0.33086771198789194	0.6967087359763049	1.0275761904241416	1.724284839842344
hh_normal	1.0	9	-0.33494665296962467	0.7045935836266786	1.0395405707624232	1.7441342360160137
tt_normal	0.0	0	-0.011732520761557633	0.008750536275812237	0.020482707531017427	0.029228112577464688
tt_normal	0.0	1	-0.006441463887323758	0.004069495532981193	0.010510899923573827	0.014574988598195414
tt_normal	0.0	2	-7.693560486256726E-4	0.001868515871908727	0.002637871920531741	0.004506621042106953
tt_normal	0.0	3	2.1735841362864649E-4	-5.532114227939644E-4	-7.707234081711424E-4	-0.0013239999985918188
tt_normal	0.0	4	0.0072508332616524306	-0.005794159644011643	-0.013044949118940899	-0.01883872119509273
tt_normal	0.0	5	-0.011503804219745357	0.00678252424595982	0.018286160228610505	0.025068316519453057
tt_normal	0.0	6	0.0056861567178797985	-0.00661982115704518	-0.012305946334149699	-0.018925569274372393
tt_normal	0.0	7	0.024492141838785432	-0.013234011583925565	-0.03772615342271546	-0.05096009575456712
tt_normal	0.0	8	-0.005453544908127264	0.0015159295673363715	0.006969605251674041	0.008485541982983721
tt_normal	0.0	9	0.011204991342632852	-0.008315891820718235	-0.01952082620764866	-0.027836730888602577
tt_normal	0.1	0	-0.0023758881947561674	0.011285029325687645	0.013660695107939599	0.024945531368208443
tt_normal	0.1	1	-0.01622868720171593	0.02950426634257397	0.045732923056926666	0.0752372694781773
tt_normal	0.1	2	0.0026143615904285675	0.01766655029187092	0.01505214003963808	0.03271856611281701
tt_normal	0.1	3	-0.004342568524503326	0.012654290185381	0.016996788464077955	0.029651037015388994
tt_normal	0.1	4	-0.004241352740064432	0.016622178422561973	0.020863478084072486	0.037485335618321805
tt_normal	0.1	5	0.0029123969564530446	0.012317371642961206	0.009413274748505094	0.021722193998629232
tt_normal	0.1	6	0.0010544123396852277	0.014628328211866659	0.013573682305981893	0.028206222856345844
tt_normal	0.1	7	-0.012960849430812832	0.02553964321460711	0.03849292078940557	0.06403903092750576
tt_normal	0.1	8	0.007539870320129458	0.014702410849551484	0.007162502689548591	0.02186432504024128
tt_normal	0.1	9	-0.0030280717348157367	0.017138543024152852	0.02016664152563115	0.03729594006216324
tt_normal	0.2	0	0.020585350001537574	0.054740044113383846	0.03415469411183731	0.08889472450548948
tt_normal	0.2	1	0.010436057153400534	0.053894448794558514	0.04345809940406701	0.097352473071897
tt_normal	0.2	2	-0.019317620644742232	0.07513078452827315	0.09444840517301287	0.16957920374458113
tt_normal	0.2	3	0.002967840763252868	0.05902333563687989	0.05605543233453492	0.11507870222053944
tt_normal	0.2	4	-0.0012399528473022244	0.061377229203166905	0.06261724792662604	0.12399434583140542
tt_normal	0.2	5	-0.004926806184612121	0.0647740224341149	0.06970082861873092	0.1344750125791853
tt_normal	0.2	6	0.013050081804752423	0.056870849760748854	0.04382096261904254	0.10069193505790039
tt_normal	0.2	7	-0.0033162911059223575	0.058035059059498906	0.06135127896025403	0.11938621732571979
tt_normal	0.2	8	-0.009392975855260598	0.06540712169103102	0.07479999112074756	0.14020712964858384
tt_normal	0.2	9	-0.0038431548905096427	0.06932414181300572	0.07316715567596917	0.1424910611500174
tt_normal	0.3	0	-4.095267054857693E-4	0.13655132204362985	0.13696090246959366	0.27351209617612154
tt_normal	0.3	1	0.014083647035381862	0.13711453974202215	0.12303074586308056	0.26014542372893734
tt_normal	0.3	2	0.01337700475656687	0.13470387879146628	0.12132394072060611	0.25603083962338186
tt_normal	0.3	3	0.013453058010669499	0.12629658362342866	0.11284358809661682	0.2391400298992342
tt_normal	0.3	4	0.014395977977741541	0.12653219889493172	0.11213630681121854	0.23866862209493878
tt_normal	0.3	5	0.014507794207719651	0.1291578458941487	0.11464980787981983	0.24380732115726744
tt_normal	0.3	6	0.017231648459460333	0.1245485118661307	0.10731687192247051	0.23186557310235215
tt_normal	0.3	7	-0.012094257319490936	0.14796549518948154	0.16005978394552195	0.3080251685227346
tt_normal	0.3	8	0.02347008662663872	0.13543488186012098	0.11196487653429171	0.24739974011940347
tt_normal	0.3	9	0.014883196115166314	0.1306610236355752	0.11577789722486131	0.2464390668308256
tt_normal	0.4	0	0.0393043828100129	0.21131493805541623	0.17201052754447646	0.38332551457667813
tt_normal	0.4	1	0.03539119864583092	0.21224673518957005	0.1768556147298162	0.38910237768805883
tt_normal	0.4	2	0.04174917266687885	0.21727771698817477	0.17553065034506463	0.3928063468435228
tt_normal	0.4	3	0.04321021538634379	0.21835413272532023	0.17514613430081333	0.3935002046690979
tt_normal	0.4	4	0.03409243291109076	0.2048718613553433	0.17077931819068332	0.3756510380607206
tt_normal	0.4	5	0.02219811705614675	0.22813471242390904	0.20593662172905752	0.43407554589161673
tt_normal	0.4	6	0.02971998110297145	0.22553778438397387	0.1958200651254359	0.4213557953762452
tt_normal	0.4	7	0.012852986029102672	0.23128783964125788	0.2184347609337527	0.4497172241296065
tt_normal	0.4	8	0.022952686852989065	0.2288959593443387	0.20594327058016992	0.43483931592800057
tt_normal	0.4	9	0.03693242470675861	0.20830368097360008	0.17137124535594586	0.3796748514608169
tt_normal	0.5	0	0.04761369177725589	0.3334485271166834	0.28583474942591813	0.6192831280900061
tt_normal	0.5	1	0.06779937444861152	0.34221422581254046	0.27441454617645306	0.6166285571901835
tt_normal	0.5	2	0.05604295593229324	0.3513565220277002	0.29531382326010125	0.6466704951781497
tt_normal	0.5	3	0.04090070186972239	0.3396796801732265	0.29877924590969895	0.6384593629337619
tt_normal	0.5	4	0.058783198141418955	0.32163059758333645	0.26284735226188827	0.5844777442288461
tt_normal	0.5	5	0.042208917458370666	0.37123657972085056	0.3290214626133508	0.7002579995549703
tt_normal	0.5	6	0.05784064471210353	0.3409320975272969	0.2830914584302209	0.6240214574682176
tt_normal	0.5	7	0.0392925147333557	0.36213699047598524	0.32284428153644573	0.6849811848309421
tt_normal	0.5	8	0.04097912680346164	0.360752187337237	0.3197731130376003	0.6805254035662367
tt_normal	0.5	9	0.051564345421115716	0.3307376483098494	0.27917334481209705	0.6099107491673869
tt_normal	0.6	0	0.07788303807853554	0.4720785274665289	0.3941954213144733	0.8662738408887428
tt_normal	0.6	1	0.1252922141296678	0.455044352116623	0.3297520175009914	0.7847962265398746
tt_normal	0.6	2	0.10552385007993906	0.4530206454506356	0.34749676349531977	0.8005198202742924
tt_normal	0.6	3	0.09391036014805353	0.47058515985664684	0.37667501595141895	0.8472600437099154
tt_normal	0.6	4	0.09598791245730029	0.48986463262969693	0.39387922246565166	0.8837414266117445
tt_normal	0.6	5	0.08899981778133481	0.4768396888472779	0.387840003905079	0.8646799391022293
tt_normal	0.6	6	0.0942207388861834	0.4740336226155222	0.37981521493047604	0.853848732467778
tt_normal	0.6	7	0.08451255445374009	0.46027155945987985	0.37575894669710136	0.8360306160557055
tt_normal	0.6	8	0.09073304168826328	0.4712025334811365	0.38046925705108825	0.8516715426826325
tt_normal	0.6	9	0.0824692146576225	0.4799575772604321	0.3974883626028044	0.8774458564569776
tt_normal	0.7	0	0.14624335050569726	0.5974549323073184	0.45121135371590504	1.0486662068257975
tt_normal	0.7	1	0.1693128684435365	0.6257565768999562	0.4564404894131786	1.0821969878031685
tt_normal	0.7	2	0.16040044392890968	0.5967009465794604	0.436300205924897	1.033000951214475
tt_normal	0.7	3	0.13941247585184252	0.5964966142549812	0.4570815220984622	1.053578190409199
tt_normal	0.7	4	0.13400019825176057	0.5983989214535974	0.46439881754145534	1.0627978246650225
tt_normal	0.7	5	0.15342552006558285	0.6142329610677706	0.4608120089818377	1.0750450745253366
tt_normal	0.7	6	0.14994204054939977	0.6076171939253321	0.45767501664326693	1.0652919282206152
tt_normal	0.7	7	0.1599842321266632	0.6286626546504905	0.46867855476567377	1.097336417421984
tt_normal	0.7	8	0.16047288236011192	0.605037477717012	0.4445647226800071	1.0496024206878876
tt_normal	0.7	9	0.16108147548222335	0.6101319480698137	0.44905047258758407	1.059182608545727
tt_normal	0.8	0	0.20784469008543394	0.747537436955021	0.5396926983524827	1.2872299717166311
tt_normal	0.8	1	0.22136257827116684	0.7516326828459867	0.5302701918452312	1.2819027621764683
tt_normal	0.8	2	0.20947780853913017	0.770061279092797	0.5605834106375498	1.3306422453841071
tt_normal	0.8	3	0.20411390771954405	0.745389885446162	0.541276033071506	1.2866660631482714
tt_normal	0.8	4	0.20520122508502048	0.738201000380645	0.5329996757947909	1.2712006404908127
tt_normal	0.8	5	0.19740659798246984	0.7665406441822533	0.5691339088923998	1.335674553074651
tt_normal	0.8	6	0.21327731911662348	0.7555440220507101	0.5422727608256127	1.2978164333194144
tt_normal	0.8	7	0.19616704642496016	0.7093441518399288	0.513177105414973	1.2225211926945618
tt_normal	0.8	8	0.2146236991929288	0.7678919753624172	0.5532616344059919	1.321160457652342
tt_normal	0.8	9	0.21954273715869954	0.7457656986330861	0.5262228012821347	1.2719883401699006
tt_normal	0.9	0	0.2754919538734782	0.8691141863140395	0.5936221826085316	1.462738482333398
tt_normal	0.9	1	0.27751313176520603	0.9037131799749254	0.6262035719738549	1.5299168155812828
tt_normal	0.9	2	0.29743989290489187	0.9112136171917555	0.6137781458434328	1.524991829910983
tt_normal	0.9	3	0.26658666715102985	0.8991283680693662	0.6325415110939191	1.5316700140004544
tt_normal	0.9	4	0.2959639738204393	0.8975879539869958	0.6016281619746555	1.4992153339763457
tt_normal	0.9	5	0.28628650723583304	0.8840869575163168	0.5978003489025051	1.4818873053883035
tt_normal	0.9	6	0.2763457330528797	0.8867174907069248	0.6103719425955685	1.497089211613464
tt_normal	0.9	7	0.29061859285818814	0.9295858883052119	0.6389672202169454	1.5685533693733114
tt_normal	0.9	8	0.29813623525569855	0.9238800509952583	0.6257377538097408	1.5496212533530436
tt_normal	0.9	9	0.26186148429128503	0.891527760726337	0.6296661914685837	1.5211937299447091
tt_normal	1.0	0	0.36898576048785675	1.0502926801688908	0.6813070696060762	1.7315998534998596
tt_normal	1.0	1	0.3688419372440501	1.0532043438110072	0.684362371195504	1.7375673995039504
tt_normal	1.0	2	0.3676845800148156	1.0530001051130107	0.6853169263248631	1.7383170771800431
tt_normal	1.0	3	0.3383591409599229	1.0463500449287402	0.70799113156207	1.7543412256039252
tt_normal	1.0	4	0.3454853690498109	1.0361727910657699	0.6906873052036164	1.72686030681498
tt_normal	1.0	5	0.3550078589520729	1.0622804242603117	0.7072728936199966	1.7695536459554884
tt_normal	1.0	6	0.3414760486469149	1.0507723579821295	0.7092962533132247	1.7600686004436676
tt_normal	1.0	7	0.33011580194632495	1.052977609130064	0.72286184499869	1.7758391191042662
tt_normal	1.0	8	0.33511572433485054	1.0605138467639925	0.7253981366638962	1.7859123702306312
tt_normal	1.0	9	0.3783722998020544	1.070421925007441	0.6920494776095006	1.7624715995498064
joint_normal	0.0	0	-0.009543267823379626	0.0039843788642173195	0.013527566736729679	0.01751186422829397
joint_normal	0.0	1	0.02633827908221538	-0.00728224996039728	-0.03362053078905459	-0.04090279168235157
joint_normal	0.0	2	-0.002895809279517512	-0.001379339575990457	0.001516366133363022	1.3692144898780866E-4
joint_normal	0.0	3	0.009842522840188474	-0.007753745186747096	-0.017600413059626514	-0.025363290311358616
joint_normal	0.0	4	0.014150807647135803	-0.005108280622451389	-0.01925908466281566	-0.02436750650855571
joint_normal	0.0	5	-0.018161787816153706	0.0028427681941565197	0.021004360574358352	0.023842311631867515
joint_normal	0.0	6	0.022905540940959437	-0.0028853843700886728	-0.025790956077516813	-0.028676299024850523
joint_normal	0.0	7	-0.012540826607158903	0.005185195589845648	0.01772601213591863	0.022911099908061925
joint_normal	0.0	8	-0.005488330016423808	4.529703532654139E-4	0.005944824574823785	0.006394141152741025
joint_normal	0.0	9	0.012520668986238012	-0.009155413400478096	-0.02167617749217872	-0.030831690984815946
joint_normal	0.1	0	0.01636481154351907	0.01870392088731876	0.0023391173752295683	0.021043112609167997
joint_normal	0.1	1	0.022218335461380995	0.021885355362186942	-3.3292066560844727E-4	0.021552548463778024
joint_normal	0.1	2	0.019281460005137373	0.02381716616305596	0.004518938483588869	0.028336123778763163
joint_normal	0.1	3	-0.010512509446388102	0.03359316222916675	0.04410554895536539	0.07769851133591925
joint_normal	0.1	4	-0.001045307750586143	0.03100105872705683	0.03204127721820501	0.06304718723768601
joint_normal	0.1	5	-0.026267075153274432	0.03784534600380596	0.06410410987432046	0.10194941357401936
joint_normal	0.1	6	-0.010775209762426493	0.026017120582835673	0.03679244103477174	0.06280979792257721
joint_normal	0.1	7	0.030950263281145238	0.021631102518412604	-0.009319148391602253	0.012311991345978738
joint_normal	0.1	8	-0.004117074109719881	0.028250003877147378	0.03236702112869427	0.06061694969322627
joint_normal	0.1	9	0.02546893133373595	0.017848719360486598	-0.007620139187646192	0.01022869446733849
joint_normal	0.2	0	-0.016003739452732185	0.11722116607835176	0.13322497604238673	0.25044618254832374
joint_normal	0.2	1	-0.011993380087796776	0.1004061535237355	0.11239957132548829	0.21280577011898463
joint_normal	0.2	2	-0.023557949777892346	0.12450898988156212	0.14808369493028423	0.272592745182637
joint_normal	0.2	3	-0.02512946078016811	0.11337969006034143	0.13850911353038992	0.25188878732304665
joint_normal	0.2	4	-0.022017367257770912	0.11154110589880872	0.13355843137873621	0.24509957459919746
joint_normal	0.2	5	0.007570727667695478	0.11158239793714131	0.10401164078511245	0.21559399397879425
joint_normal	0.2	6	-0.02021309448572505	0.1143365903446778	0.13454963142958762	0.2488862512162597
joint_normal	0.2	7	0.05467717058896553	0.0878731085033877	0.03319579497203782	0.12106894885544704
joint_normal	0.2	8	0.011263097012556173	0.09399114079859316	0.08272810351530989	0.17671933513805
joint_normal	0.2	9	0.02114346670595714	0.10271825487809849	0.08157482212562264	0.18429312555770994
joint_normal	0.3	0	0.024033608303162965	0.22707347890586504	0.20303983062293388	0.4301132734337769
joint_normal	0.3	1	0.037411655528486236	0.22347137157372288	0.18605975071226605	0.4095311200861299
joint_normal	0.3	2	-0.0033846961415019646	0.24338630335059008	0.2467709884379728	0.49014467976776965
joint_normal	0.3	3	-0.002214341205348041	0.22619638409524612	0.22841073664644734	0.45460720514414554
joint_normal	0.3	4	0.03760843439545868	0.21099072023891097	0.17338235444838257	0.3843730710348343
joint_normal	0.3	5	0.016101281096211013	0.21984972137967418	0.2037484628791628	0.4235983392310142
joint_normal	0.3	6	0.023322411079955373	0.20812507083657295	0.18480271336806545	0.3929278501404232
joint_normal	0.3	7	-0.008342155803990597	0.2274176194717512	0.23575980322897855	0.4631774975555618
joint_normal	0.3	8	0.026003420532927264	0.23460246481154456	0.20859894803477602	0.4432012798477744
joint_normal	0.3	9	0.016119847281445943	0.2204315728541104	0.2043116879626348	0.42474321053570585
joint_normal	0.4	0	0.0019842056364822473	0.37174917562070675	0.3697650193374303	0.7415143283760876
joint_normal	0.4	1	-3.642323129171292E-4	0.36867933596776936	0.3690435783226153	0.7377228669011399
joint_normal	0.4	2	0.01253099816892363	0.38105210873654016	0.368521063075505	0.7495730958907141
joint_normal	0.4	3	0.01987805940204965	0.3766050338854683	0.35672704814509554	0.7333322434757465
joint_normal	0.4	4	0.02372176722669359	0.35884637879520653	0.33512462265507564	0.6939709589673437
joint_normal	0.4	5	0.014802215661484295	0.3817090509016481	0.3669067933325233	0.748615621292094
joint_normal	0.4	6	0.03705723350356936	0.3714435894917898	0.33438638153101047	0.7058300359931735
joint_normal	0.4	7	0.011076758888137195	0.3707869325615576	0.35971030665026726	0.7304986911893232
joint_normal	0.4	8	0.019343680793948964	0.3789879336755888	0.3596441959802965	0.7386320948810203
joint_normal	0.4	9	0.017801343141648714	0.3655796691384836	0.34777834405896124	0.7133580363823616
joint_normal	0.5	0	0.03681741804251603	0.5418962488147443	0.5050787668690931	1.0469750436376957
joint_normal	0.5	1	0.002723276248440461	0.5664495705914234	0.5637264216632476	1.130172413689931
joint_normal	0.5	2	0.021863765104913564	0.5667797822549332	0.5449160220424568	1.111695701014431
joint_normal	0.5	3	0.01974086150366752	0.5327629488765027	0.513022030507933	1.045784958946942
joint_normal	0.5	4	0.020808169598132937	0.5346595741959348	0.5138513339626999	1.048510845238546
joint_normal	0.5	5	9.954980342223893E-4	0.5977703580146354	0.5967749051642693	1.1945454457693923
joint_normal	0.5	6	0.03344013560982041	0.5438368473964417	0.5103968358844718	1.0542198283220916
joint_normal	0.5	7	0.009220715939209203	0.5586421325746969	0.5494213188857321	1.1080633277611944
joint_normal	0.5	8	0.022047129267194186	0.5581773150418528	0.5361301590027325	1.0943074981475402
joint_normal	0.5	9	-0.004253819370811872	0.5549739792046395	0.5592277745932026	1.1142017886730817
joint_normal	0.6	0	0.026593175689723327	0.7508661722230769	0.7242729520701854	1.4751391507336322
joint_normal	0.6	1	0.06393707721899174	0.7544767295343817	0.6905395372227489	1.4450161684192335
joint_normal	0.6	2	0.058410498911432004	0.7392280692906539	0.6808174551864102	1.4200456290288612
joint_normal	0.6	3	0.005461481361468601	0.7578084826678904	0.7523470131332015	1.5101555730287735
joint_normal	0.6	4	0.019678895592755125	0.7555656194405245	0.7358867867048228	1.4914524531411844
joint_normal	0.6	5	0.03524977262433026	0.7459419336522828	0.710692140083349	1.45663413060295
joint_normal	0.6	6	0.046316937767479326	0.7394177370369945	0.693100756307372	1.4325184098573882
joint_normal	0.6	7	0.01464217350390864	0.7413197356277337	0.7266899877924329	1.4680097302897828
joint_normal	0.6	8	0.04101620087625958	0.7493963433718065	0.7083801924533482	1.4577765156117126
joint_normal	0.6	9	0.03837995839825201	0.7696431179708938	0.7312631534941838	1.5009062873784664
joint_normal	0.7	0	0.06116201870925175	0.9252328037446986	0.8640708061996041	1.7893036217000184
joint_normal	0.7	1	0.025307524450208542	0.9788297047320569	0.9535333166235038	1.93235189863025
joint_normal	0.7	2	0.07425866766138739	0.9250019159346792	0.8507432094956933	1.7757450293347254
joint_normal	0.7	3	0.0509923719254682	0.9474599715348049	0.8964675317863472	1.8439275858953013
joint_normal	0.7	4	0.07342383367121315	0.9228439808680591	0.8494202070097481	1.7722642380872016
joint_normal	0.7	5	0.09189561456507958	0.9366706655814951	0.8447750969125598	1.7814457269018258
joint_normal	0.7	6	0.05014318168187405	0.949073078008901	0.8989298349411519	1.8480195083145337
joint_normal	0.7	7	0.055129954859268276	0.9604969380594	0.9053669544323566	1.8658639250885085
joint_normal	0.7	8	0.06971305670426904	0.9425609350318709	0.8728479675471968	1.8154090316143476
joint_normal	0.7	9	0.05287741881375454	0.9550382412171032	0.9021608959231306	1.8571991852065193
joint_normal	0.8	0	0.06513272777966099	1.1389110642690596	1.0737783252103303	2.2126892531177913
joint_normal	0.8	1	0.07022309422818518	1.1341067948852341	1.0638838318200554	2.1979851113597433
joint_normal	0.8	2	0.09085866272986708	1.1534899203693172	1.0626313279357957	2.216121382597405
joint_normal	0.8	3	0.049353663723896005	1.154568719350472	1.1052150300863393	2.2597837158993204
joint_normal	0.8	4	0.08412218701945412	1.1175244846534511	1.0334024057298334	2.150926945847866
joint_normal	0.8	5	0.059047941247283145	1.1555853351549032	1.096537172447501	2.2521221926308836
joint_normal	0.8	6	0.052330350286713234	1.1552401149456344	1.1029096735499908	2.258149696995593
joint_normal	0.8	7	0.028418950462791567	1.1161759969946061	1.0877570807162238	2.2039332010104102
joint_normal	0.8	8	0.09251592969167786	1.1485359548578984	1.0560199937173582	2.204556086599222
joint_normal	0.8	9	0.0764617854779448	1.1336864864452068	1.0572246261448341	2.190911066604349
joint_normal	0.9	0	0.10671943851729242	1.3187574361679353	1.2120380235988892	2.5307954893342726
joint_normal	0.9	1	0.08993111748310108	1.3321667244961688	1.2422357093509355	2.5744026580741477
joint_normal	0.9	2	0.08746247481267846	1.3700251171562385	1.2825626642159973	2.6525876268033355
joint_normal	0.9	3	0.07915708066452364	1.3496968928678044	1.2705399252611318	2.6202369394527425
joint_normal	0.9	4	0.12008138961080717	1.3523611743446722	1.2322798375328057	2.5846410720916566
joint_normal	0.9	5	0.09337146658654782	1.332763336802266	1.2393918709332927	2.5721552377224732
joint_normal	0.9	6	0.07659090527360686	1.3354322619954715	1.2588413951419848	2.59427368972769
joint_normal	0.9	7	0.11187069228237577	1.3747456548175379	1.2628748869350443	2.6376204593380668
joint_normal	0.9	8	0.07378029638199794	1.3834171246866802	1.30963679142911	2.6930541486798063
joint_normal	0.9	9	0.08895796475941226	1.3313509817333582	1.2423930232173315	2.5737440282522916
joint_normal	1.0	0	0.14023931409307416	1.5355939103928407	1.3953545782687433	2.9309484043535416
joint_normal	1.0	1	0.139611751962707	1.551898824828406	1.4122870759687491	2.964185923630566
joint_normal	1.0	2	0.10909837220493118	1.574000679011597	1.4649022716237177	3.0389042695052675
joint_normal	1.0	3	0.140046279117887	1.5269052677585861	1.3868588739527496	2.9137642669315027
joint_normal	1.0	4	0.07756372153581527	1.5334698311262045	1.4559062921021249	2.9893761372941148
joint_normal	1.0	5	0.12014994667050483	1.550713904732099	1.430563978607092	2.981277796682919
joint_normal	1.0	6	0.10307030312242461	1.536434489751592	1.4333641849517529	2.969798633215617
joint_normal	1.0	7	0.10561455414748579	1.5138032855099723	1.4081887099378192	2.921991865899588
joint_normal	1.0	8	0.1017077419830613	1.548316928682631	1.4466093591886828	2.994926532101135
joint_normal	1.0	9	0.1241768177151494	1.5833533786689813	1.459176691575926	3.0425302754599484
hh_beta	0.0	0	0.019835074738665182	-0.013456389416393932	-0.03329140325670943	-0.04674793948354971
hh_beta	0.0	1	0.014470182559453114	-0.010791809493756688	-0.025261976094205458	-0.036053927091617866
hh_beta	0.0	2	0.00334479546385838	-0.004606294522854881	-0.00795099528974284	-0.012557174945303298
hh_beta	0.0	3	-0.0018813263223438812	0.0014859828105429074	0.003367233787566495	0.004853208064377609
hh_beta	0.0	4	0.010410920829297543	-0.011306140799401732	-0.021716950052408278	-0.033026768528891075
hh_beta	0.0	5	4.388093865413216E-4	8.326027853335916E-4	3.937752046541923E-4	0.0012262070884746946
hh_beta	0.0	6	0.006361299217974207	-0.005879669760346928	-0.012241011823229841	-0.01812068596678365
hh_beta	0.0	7	-0.01717956609368246	0.010448000317218487	0.02762752344896779	0.03807193788352611
hh_beta	0.0	8	-0.018900399669414727	0.007828375637192408	0.026730577769041194	0.03455534732145553
hh_beta	0.0	9	0.017064351901889166	-0.011200787592084538	-0.028265270130401313	-0.03946588734787269
hh_beta	0.1	0	-0.04897944274140616	0.14470472948284652	0.19368423052212405	0.3383892091163394
hh_beta	0.1	1	-0.040346620023035996	0.14391719086572508	0.18426384177624602	0.3281810478303326
hh_beta	0.1	2	-0.046164386131820764	0.1445065272843813	0.19067314078065295	0.3351834454418579
hh_beta	0.1	3	-0.03514564272390583	0.14301105604398856	0.17815701165252293	0.3211661760950944
hh_beta	0.1	4	-0.041115559341476864	0.15528373770470338	0.19640211477099057	0.3516857358360953
hh_beta	0.1	5	-0.020296394708816553	0.12925153014413127	0.14955021580179195	0.27880166206766527
hh_beta	0.1	6	-0.053576174551762744	0.15183013659321531	0.20540651687856587	0.35723707866400195
hh_beta	0.1	7	-0.03347294703635584	0.1374736125007452	0.17094662351661538	0.3084202622191698
hh_beta	0.1	8	-0.05564812760364202	0.14264099077502124	0.19828892149074145	0.3409294336948719
hh_beta	0.1	9	-0.06405492225133574	0.1601594368337409	0.22421440961159064	0.38437389697184626
hh_beta	0.2	0	-0.17427939268693313	0.3122246688697885	0.4865041897356922	0.7987319605806602
hh_beta	0.2	1	-0.18075933072232775	0.2982015666617954	0.47896048574002476	0.777161656558333
hh_beta	0.2	2	-0.19032611227514526	0.30520853308977536	0.4955346453649164	0.8007430893281287
hh_beta	0.2	3	-0.1832187883650264	0.29682747520718067	0.4800463138321155	0.7768736215058255
hh_beta	0.2	4	-0.16228209779897396	0.2853410683449482	0.4476230635383624	0.7329642414902863
hh_beta	0.2	5	-0.18300360566581067	0.30264293553404187	0.48564661968335593	0.788292166546314
hh_beta	0.2	6	-0.20077249146886997	0.31107223907063997	0.5118446957296944	0.8229166756529847
hh_beta	0.2	7	-0.1834560862749508	0.30056468105964385	0.48401240562289655	0.7845853754707949
hh_beta	0.2	8	-0.17177106318556828	0.298537790007515	0.47030569413143714	0.7688473011449676
hh_beta	0.2	9	-0.18113286571398227	0.3075582941205255	0.48869086838353515	0.7962490877431931
hh_beta	0.3	0	-0.2692259699232062	0.42397393697856955	0.6931998498112716	1.1171733918588729
hh_beta	0.3	1	-0.26563944640713	0.41166515968012973	0.6773045724730994	1.0889697153060622
hh_beta	0.3	2	-0.27110363623418327	0.4034454067895368	0.6745487693967843	1.0779942148046204
hh_beta	0.3	3	-0.2783572511623963	0.41020536952824216	0.6885626079624974	1.0987681717611848
hh_beta	0.3	4	-0.28472998862601456	0.4046706105143656	0.6894006925969965	1.0940709812123646
hh_beta	0.3	5	-0.25976780607894107	0.41641952234352786	0.6761875576064164	1.092607126377626
hh_beta	0.3	6	-0.30070384660215277	0.42305415746799113	0.7237580994988357	1.1468123436706856
hh_beta	0.3	7	-0.2871017814247214	0.415077271571505	0.7021790050115905	1.1172559443201857
hh_beta	0.3	8	-0.2990254449540896	0.4170690539674311	0.7160977841935532	1.133166919875203
hh_beta	0.3	9	-0.27712645970887406	0.40512685659036407	0.6822532460994226	1.087380089069923
hh_beta	0.4	0	-0.3477517996498084	0.490329432214466	0.8380811115770468	1.3284107121484698
hh_beta	0.4	1	-0.3626770096274902	0.4983977773185657	0.8610747941286363	1.3594723620371258
hh_beta	0.4	2	-0.3716312594116652	0.5230338364737754	0.894669633444995	1.417704028623818
hh_beta	0.4	3	-0.36788810221830104	0.5072095488224697	0.8750972342087179	1.38230619389662
hh_beta	0.4	4	-0.34932853658914265	0.49326627618860286	0.842594915780159	1.335863548156322
hh_beta	0.4	5	-0.37575167678794813	0.5168761026977897	0.892627570952748	1.409503655322273
hh_beta	0.4	6	-0.3763396277748502	0.5139260183906131	0.8902656713891973	1.404191875123104
hh_beta	0.4	7	-0.3438442601261233	0.4891901181067908	0.8330343040275262	1.3222242780554307
hh_beta	0.4	8	-0.3844303914940238	0.5069708183303767	0.8914011556825401	1.3983719623023396
hh_beta	0.4	9	-0.35876496951543907	0.5001459365749845	0.8589110063562114	1.3590574159201236
hh_beta	0.5	0	-0.4396778715064996	0.5966271473805058	1.036304865627213	1.632931857635773
hh_beta	0.5	1	-0.45218782305765	0.5944444167141114	1.0466322957552452	1.6410765947129995
hh_beta	0.5	2	-0.4251046453038143	0.5909335238398512	1.016038393427407	1.6069719173679107
hh_beta	0.5	3	-0.43687513592270033	0.5997064597982558	1.0365815396042384	1.6362879739760368
hh_beta	0.5	4	-0.4419696959339683	0.5958091211394567	1.0377790386966215	1.6335881907567478
hh_beta	0.5	5	-0.41908639408487763	0.5701185829143789	0.9892050353161598	1.5593236247928672
hh_beta	0.5	6	-0.4475640779196306	0.6081227990404692	1.0556870064441404	1.6638057570866975
hh_beta	0.5	7	-0.4119014426396001	0.5740922575323886	0.9859937269482127	1.5600863716572992
hh_beta	0.5	8	-0.4426325245644402	0.5924650404163678	1.0350976902826403	1.6275624501760535
hh_beta	0.5	9	-0.422838705009768	0.5852540709837228	1.0080958531400654	1.5933500200963568
hh_beta	0.6	0	-0.4903881371418433	0.6654042577130319	1.1557922332456214	1.8211964442843382
hh_beta	0.6	1	-0.4866454142736603	0.6473096491396895	1.1339555775934254	1.781265587738698
hh_beta	0.6	2	-0.4914118107811499	0.6705871729547432	1.1619989837358953	1.832586213314256
hh_beta	0.6	3	-0.48792495280899584	0.6704157983294756	1.1583408452108026	1.828756861982257
hh_beta	0.6	4	-0.4667813755051551	0.6622028237072968	1.1289838761980024	1.7911867276624285
hh_beta	0.6	5	-0.49548629349556594	0.6710194244859196	1.16651492873715	1.837515270299415
hh_beta	0.6	6	-0.4942012665829973	0.6698301024018676	1.1640312797609191	1.833861485922322
hh_beta	0.6	7	-0.517012571524047	0.696138562380284	1.2131515019092034	1.9092901453348587
hh_beta	0.6	8	-0.47810995680826524	0.6573619564919966	1.1354720497834931	1.7928339357811294
hh_beta	0.6	9	-0.48302430265062035	0.660270124192408	1.143294364068388	1.803564605187224
hh_beta	0.7	0	-0.5257024260333729	0.7165689744550328	1.2422713088293733	1.9588401699182585
hh_beta	0.7	1	-0.5273741970373038	0.74743565819157	1.2748099076123176	2.02224525179926
hh_beta	0.7	2	-0.5345083445065433	0.7345457770984076	1.2690541859028754	2.003599862551959
hh_beta	0.7	3	-0.5484448928184705	0.734499350773536	1.2829447653352617	2.017444602572689
hh_beta	0.7	4	-0.5415002034314941	0.7232982667000094	1.264798454970138	1.9880973810743827
hh_beta	0.7	5	-0.5371705264657546	0.7536361325332557	1.2908039174204817	2.0444397276037014
hh_beta	0.7	6	-0.5088773774932777	0.7222674788721548	1.2311448599760482	1.9534123766689186
hh_beta	0.7	7	-0.5340325277470969	0.7310791402100065	1.2651116828208802	1.9961908520016358
hh_beta	0.7	8	-0.537262926468427	0.7311357981663384	1.268398789965371	1.9995347260477663
hh_beta	0.7	9	-0.5388655911863457	0.738242195376813	1.27710786878053	2.0153504801856825
hh_beta	0.8	0	-0.5754111667267736	0.8082453067207922	1.3836563748255244	2.191901254746032
hh_beta	0.8	1	-0.5785427366777981	0.8343762110927884	1.4129187201451239	2.2472950713691247
hh_beta	0.8	2	-0.5542895281010171	0.8029928456752202	1.357282183969685	2.1602750693453108
hh_beta	0.8	3	-0.5704177629495162	0.8048136859027082	1.3752316969401654	2.1800452545874576
hh_beta	0.8	4	-0.5586122616794247	0.834519458058022	1.3931290474851523	2.227651271173779
hh_beta	0.8	5	-0.5687728811347981	0.8042781938748327	1.3730508522629143	2.1773320249948003
hh_beta	0.8	6	-0.5631162539024895	0.8057837687774665	1.3688999390822907	2.1746832165280217
hh_beta	0.8	7	-0.5891682194896377	0.824923896228686	1.4140922492898635	2.239015773916865
hh_beta	0.8	8	-0.5411064193635471	0.7903376868891527	1.3314437731531203	2.12178145440403
hh_beta	0.8	9	-0.5498635109174055	0.8010886735420861	1.350952048675421	2.15204051012597
hh_beta	0.9	0	-0.5759632537366767	0.8562106899282362	1.43217904105788	2.2883898152089306
hh_beta	0.9	1	-0.5851831522002716	0.8836815328986205	1.4688646715688272	2.3525507752114088
hh_beta	0.9	2	-0.5857989505566953	0.8695916310734297	1.4553900438561647	2.3249813098601253
hh_beta	0.9	3	-0.6075179182872155	0.886439348236518	1.4939573774979817	2.3803968178488906
hh_beta	0.9	4	-0.6082005534051727	0.8875899292551743	1.4957905904178608	2.3833809482752586
hh_beta	0.9	5	-0.582578312491484	0.8691012229830299	1.4516796755823205	2.3207809998936337
hh_beta	0.9	6	-0.590466595154286	0.8607573991235036	1.4512237721340833	2.3119812434823226
hh_beta	0.9	7	-0.6064464592150336	0.8732350129476032	1.4796817595777316	2.3529165525125277
hh_beta	0.9	8	-0.6096074776577172	0.8798453992390485	1.4894528241263212	2.369297997775923
hh_beta	0.9	9	-0.6201833717015215	0.8847451458435316	1.5049288682910915	2.389674440068411
hh_beta	1.0	0	-0.6611390070864666	0.9459932749284725	1.607132172124622	2.5531252217504345
hh_beta	1.0	1	-0.6084135612131852	0.9297581490462399	1.5381720725257597	2.467930692061644
hh_beta	1.0	2	-0.6396003040936666	0.9393385458367227	1.5789386168484565	2.5182770379972466
hh_beta	1.0	3	-0.6380996436774664	0.9499189323421611	1.5880182171045492	2.537937477777521
hh_beta	1.0	4	-0.6582867949391	0.9543205247297415	1.6126072969203191	2.566927607438584
hh_beta	1.0	5	-0.6398012888180502	0.9358511757063681	1.5756523459783833	2.5115058967236066
hh_beta	1.0	6	-0.6319097615387591	0.939650384496634	1.571560305017908	2.511210748396957
hh_beta	1.0	7	-0.6463806420927976	0.9542975284158715	1.6006780093767403	2.554975615994314
hh_beta	1.0	8	-0.6394211301312054	0.9509998412736458	1.5904206443276185	2.54142012357563
hh_beta	1.0	9	-0.6035687058987053	0.9316312729998373	1.5352001041475365	2.466831653684604
tt_beta	0.0	0	-0.010630257286917941	0.007685634850595591	0.01831890932495812	0.026007880097292147
tt_beta	0.0	1	-0.004010207402269215	0.0014899075220284885	0.005498589057194766	0.006990831634281
tt_beta	0.0	2	0.006993126565810602	-0.0021862979575288932	-0.009179302390129157	-0.01137116569292658
tt_beta	0.0	3	-0.0019700582074545685	0.00343460171208676	0.005404919976274384	0.008839833465377079
tt_beta	0.0	4	0.010848564612550312	-0.010847928716952282	-0.021696542421309382	-0.03254448433638278
tt_beta	0.0	5	-0.007696917662373663	0.00289658476190624	0.010593281134082012	0.013489604395967632
tt_beta	0.0	6	-0.0034247831293820136	5.862711846127411E-4	0.004010987457217239	0.00459962611781719
tt_beta	0.0	7	0.021305327168678397	-0.011969104485952897	-0.03327435377658379	-0.04524330446524684
tt_beta	0.0	8	0.00945007047471177	-0.001782202173675529	-0.011232316499913948	-0.013014447805980243
tt_beta	0.0	9	-0.008075496214769492	0.008469629787910549	0.016547471750369875	0.0250172059917726
tt_beta	0.1	0	0.03823012610696027	0.2064565718207625	0.16822648589058334	0.3746832209925583
tt_beta	0.1	1	0.033516338833446714	0.2097598907463194	0.1762436970034499	0.38600408488144944
tt_beta	0.1	2	0.0277928721718887	0.20901979803944215	0.18123328397566613	0.3902533296622845
tt_beta	0.1	3	0.037223289714685366	0.19974763693821274	0.16252450764662243	0.3622721650408598
tt_beta	0.1	4	0.0574120128645345	0.18785218165394113	0.1304401300504209	0.31829244661707545
tt_beta	0.1	5	0.022361355373052248	0.2058255569982279	0.18346165324883648	0.3892869618083002
tt_beta	0.1	6	0.032895535843612954	0.18927249510162625	0.15637697341149065	0.3456493614757239
tt_beta	0.1	7	0.026349933162474973	0.2205571961902777	0.19420907468794685	0.41476661713888285
tt_beta	0.1	8	0.011847306718265718	0.21193956943816872	0.20009460658989106	0.4120339783956324
tt_beta	0.1	9	0.014957060833478144	0.2233374230938594	0.2083779107330515	0.4317177871948858
tt_beta	0.2	0	0.11103659576697031	0.48326928366036626	0.3722326856280187	0.8555018713722693
tt_beta	0.2	1	0.09786458721753973	0.4922198631358796	0.39435551903007254	0.8865755436064438
tt_beta	0.2	2	0.12244495429944895	0.499561019229823	0.377116282535501	0.8766775790285884
tt_beta	0.2	3	0.09852744578689618	0.4928488331397922	0.39432138356381374	0.8871701909171219
tt_beta	0.2	4	0.108575288872862	0.4907986410600351	0.3822235959755297	0.8730223739474545
tt_beta	0.2	5	0.09515238983079882	0.4837958836460672	0.38864358978455654	0.8724398210361793
tt_beta	0.2	6	0.10415160594855874	0.4851614917253322	0.38100978352572046	0.8661713364211445
tt_beta	0.2	7	0.09466849049303723	0.5050039306205356	0.4103353530768106	0.915339445997475
tt_beta	0.2	8	0.10352421392600758	0.49624973132208794	0.3927254332990504	0.8889752452209859
tt_beta	0.2	9	0.11232096036070859	0.4933818650483026	0.38105304804307644	0.8744348620843746
tt_beta	0.3	0	0.17183676804201123	0.7195080294210854	0.5476659394326507	1.2671789840770238
tt_beta	0.3	1	0.1692951557139894	0.7242049216312765	0.5549095485739497	1.279114533785477
tt_beta	0.3	2	0.1337104617828703	0.7361895150451154	0.6024792346291382	1.3386687884593882
tt_beta	0.3	3	0.13918248630334631	0.7438442345772529	0.6046615894751038	1.3485055139617086
tt_beta	0.3	4	0.17205485520480848	0.7077560182738338	0.535700816945389	1.2434567486972208
tt_beta	0.3	5	0.15100732488071977	0.7255047205675744	0.5744974204569514	1.3000020025579575
tt_beta	0.3	6	0.16197392171532424	0.7283184373474683	0.5663445224366415	1.2946626996870947
tt_beta	0.3	7	0.1655082217616753	0.7276273244669014	0.5621191234551711	1.2897461387048161
tt_beta	0.3	8	0.15111622651967738	0.736750059647246	0.5856339836684424	1.3223843410391791
tt_beta	0.3	9	0.15909603531977712	0.7268769543017619	0.5677771390792054	1.2946535614361372
tt_beta	0.4	0	0.2225137174701246	0.9352850954105669	0.7127715824654536	1.648056400047974
tt_beta	0.4	1	0.2348964235991974	0.9349974346764718	0.7001011009640992	1.6350988647496338
tt_beta	0.4	2	0.21550192063456153	0.9307351756655535	0.7152333796774752	1.645968727517535
tt_beta	0.4	3	0.21131198785360766	0.9078268011107298	0.696514604899033	1.604341025063427
tt_beta	0.4	4	0.23354428354500453	0.9440842260704443	0.7105400577382623	1.654621338465846
tt_beta	0.4	5	0.233201622142	0.93038683002327	0.6971851210980206	1.6275719534673037
tt_beta	0.4	6	0.22841191482742715	0.9471163255719048	0.7187045489983436	1.6658210751912685
tt_beta	0.4	7	0.2306867441544946	0.9363042174629967	0.7056175865202104	1.6419217788067495
tt_beta	0.4	8	0.22956237235387827	0.9473598846969473	0.7177976117970821	1.665157331173718
tt_beta	0.4	9	0.21193043955045396	0.9206292612146996	0.7086986171078232	1.6293275729391157
tt_beta	0.5	0	0.2686503951292635	1.101220723089341	0.8325697955508146	1.9337896746019552
tt_beta	0.5	1	0.25193535082893936	1.1219626366475595	0.8700270873158992	1.9919895254607385
tt_beta	0.5	2	0.2680747445555512	1.1067957827843493	0.8387212474329475	1.9455173079963095
tt_beta	0.5	3	0.28023434248344586	1.1007965220937557	0.8205620936996542	1.9213588305038045
tt_beta	0.5	4	0.26338879252088443	1.1178191276952383	0.8544300110081127	1.972249051881781
tt_beta	0.5	5	0.2793010417163944	1.1022552814010744	0.8229537312615834	1.9252092297047108
tt_beta	0.5	6	0.2814413875238792	1.1303315932122402	0.8488901036475528	1.9792219237722355
tt_beta	0.5	7	0.28557488835403244	1.1348527188142654	0.8492776194365583	1.9841304538381048
tt_beta	0.5	8	0.2832078768387748	1.1224062962740362	0.8391979480314035	1.961603823514181
tt_beta	0.5	9	0.2816574516318857	1.093781821061139	0.8121243694292536	1.9059060143651188
tt_beta	0.6	0	0.3486181717133578	1.2537682272557689	0.9051501556679696	2.1589187830298133
tt_beta	0.6	1	0.34233580431973204	1.2646535582676819	0.9223176968399539	2.186971703132816
tt_beta	0.6	2	0.33977816445345665	1.264717762800732	0.9249346582097906	2.189652826798817
tt_beta	0.6	3	0.3493995355432022	1.2889623586233654	0.9395612098408869	2.228525546033791
tt_beta	0.6	4	0.3399714925295701	1.2866507075023321	0.9466790611449267	2.2333296537886587
tt_beta	0.6	5	0.3281919714414072	1.2644129972250546	0.9362211868033128	2.200634382700222
tt_beta	0.6	6	0.358917566330766	1.2786080114881742	0.9196903484289919	2.198298480293205
tt_beta	0.6	7	0.32737150875183546	1.2630567941144584	0.9356854062149689	2.19874271678975
tt_beta	0.6	8	0.331232460723365	1.2875809554800206	0.9563508974526604	2.243932105888509
tt_beta	0.6	9	0.3300272442783216	1.264516009394825	0.9344885500880324	2.199004344454387
tt_beta	0.7	0	0.3749619357604358	1.43923774415304	1.0642757453369605	2.50351341179224
tt_beta	0.7	1	0.3811828409117317	1.407578980768669	1.0263961140020634	2.4339748840389817
tt_beta	0.7	2	0.39839492134628657	1.4151332523295643	1.0167381273607468	2.4318716810196936
tt_beta	0.7	3	0.3896789404309807	1.4194177361188345	1.02973858050813	2.449155992555954
tt_beta	0.7	4	0.40227582169654263	1.4131182065239827	1.0108422699193758	2.423960237133933
tt_beta	0.7	5	0.40051477144847264	1.4070386176717626	1.006523758117559	2.4135622143940276
tt_beta	0.7	6	0.3942863295077862	1.4109508174117984	1.0166645832418157	2.427615927207604
tt_beta	0.7	7	0.38774488731975704	1.411850794921996	1.0241060993314968	2.4359569582989185
tt_beta	0.7	8	0.39194386991654984	1.3836310399035732	0.991687227185741	2.3753163726744306
tt_beta	0.7	9	0.4057489904425572	1.4251260355829771	1.0193768362683642	2.4445028585542126
tt_beta	0.8	0	0.45555454524487604	1.5495285174656992	1.0939737002168899	2.643502228220998
tt_beta	0.8	1	0.45815424233989716	1.542783603522203	1.084629388556342	2.6274127800712415
tt_beta	0.8	2	0.44489700109970026	1.5399896559344377	1.0950928406894649	2.635082698907758
tt_beta	0.8	3	0.4401326248835944	1.5572391771609837	1.1171061333534544	2.674345719704478
tt_beta	0.8	4	0.45140171480923763	1.542146538261683	1.0907449281644825	2.63289162343946
tt_beta	0.8	5	0.44384553824910145	1.5486759281974969	1.1048300678864462	2.6535058280770243
tt_beta	0.8	6	0.43990982498469106	1.5606728931330736	1.1207631947942178	2.681436352590393
tt_beta	0.8	7	0.45550483135306996	1.5674873067558863	1.1119787600084208	2.679456712729515
tt_beta	0.8	8	0.43032428842879517	1.5610219617431866	1.1306976535778563	2.6917172432268344
tt_beta	0.8	9	0.4549083200536947	1.5346341769394982	1.0797255827400156	2.614359956597819
tt_beta	0.9	0	0.5113977723794699	1.693929447371744	1.1825315080244692	2.8764609179935325
tt_beta	0.9	1	0.5069717839566821	1.7077170241469979	1.200744964945589	2.9084613995880275
tt_beta	0.9	2	0.5066846464516512	1.6864170301097445	1.179732238678829	2.8661488260873
tt_beta	0.9	3	0.5094742534907961	1.6797291777754424	1.1702550433016263	2.849984112579858
tt_beta	0.9	4	0.5157026871629407	1.6946995996213268	1.178996810972666	2.8736962436760303
tt_beta	0.9	5	0.5225559895702423	1.666621361318331	1.1440654241838895	2.8106749724465354
tt_beta	0.9	6	0.5032868714754885	1.6727439461735933	1.1694541070473223	2.8421981589505423
tt_beta	0.9	7	0.5096868895124324	1.6908317815788187	1.1811449031677215	2.8719768482624404
tt_beta	0.9	8	0.5208403754321778	1.6644953239611304	1.143655100439979	2.8081506749098994
tt_beta	0.9	9	0.49068671805305913	1.6945942137567442	1.2039075896886517	2.8984988382953962
tt_beta	1.0	0	0.5586296474283734	1.8023488544857642	1.2437193939365312	3.0460686475098115
tt_beta	1.0	1	0.566141054361656	1.8205669210625182	1.2544257092205486	3.0749929294645475
tt_beta	1.0	2	0.5775156559113128	1.8156588698107292	1.2381431835026706	3.0538019435048405
tt_beta	1.0	3	0.5489037268264619	1.8083581776297422	1.2594544587586889	3.067806816586396
tt_beta	1.0	4	0.5716608606807747	1.8269245069219373	1.2552634560832479	3.082182936159931
tt_beta	1.0	5	0.5471858853382608	1.7968552867812058	1.2496695004528464	3.046524900723785
tt_beta	1.0	6	0.5657715457648749	1.8157727699930355	1.2500011565691667	3.0657737694087217
tt_beta	1.0	7	0.5688012194445953	1.8127740443380773	1.2439732282768743	3.056747622256159
tt_beta	1.0	8	0.5649812198344203	1.8040813510778122	1.2391000201409688	3.0431815477107813
tt_beta	1.0	9	0.5533461588741947	1.8095347722311672	1.2561887092037667	3.065723726205725
joint_beta	0.0	0	-0.002070989912699721	0.0012916659851072154	0.003362791177978692	0.004654428540694648
joint_beta	0.0	1	-0.043856009068025885	0.013245245130022454	0.057101261995051784	0.07034638542289735
joint_beta	0.0	2	0.025757663792931533	-0.005537855494011978	-0.031295436892030286	-0.03683326924373786
joint_beta	0.0	3	-0.006838058657777791	-0.0010810974950885566	0.005756895841677795	0.004675784304932849
joint_beta	0.0	4	-0.0011793866896866734	-0.0014796513952575197	-3.0015904099711557E-4	-0.0017797833250362187
joint_beta	0.0	5	-0.010686475775935865	0.0038654373040714063	0.014551784180680287	0.018417074994408447
joint_beta	0.0	6	0.029048046936022247	-0.009331634929438337	-0.03837972698799628	-0.04771136144029593
joint_beta	0.0	7	0.028201994504351863	-0.005576644821687182	-0.033778592861672514	-0.039355217563109196
joint_beta	0.0	8	0.012169503233498266	-0.008415902071803316	-0.020585371314020155	-0.029001281563030834
joint_beta	0.0	9	-0.01833149930541314	0.004128503315811827	0.022460088155989356	0.026588785055478993
joint_beta	0.1	0	-0.009147075471175239	0.04102167882750507	0.05016869849608112	0.09119027896629078
joint_beta	0.1	1	0.007439030918505104	0.03340819964235209	0.02596911866682257	0.059377272907362465
joint_beta	0.1	2	0.001699912075056547	0.043374266704759634	0.04167429844026936	0.08504853518656771
joint_beta	0.1	3	-3.770628546010727E-4	0.033800932024419694	0.034178040083274894	0.06797901038984946
joint_beta	0.1	4	-0.022440346700682703	0.038363483536258514	0.060803759135536574	0.09916725852743857
joint_beta	0.1	5	0.019520035157891323	0.02838944294138912	0.008876212357307317	0.03726571099371267
joint_beta	0.1	6	0.030970037314600456	0.024292579086065302	-0.006677468574679531	0.017615017971787272
joint_beta	0.1	7	9.123344055661963E-4	0.0295577601698227	0.028645407768598245	0.058203147309567466
joint_beta	0.1	8	-0.04623417623335815	0.05107959795729755	0.09731381846424053	0.14839342073908912
joint_beta	0.1	9	-0.02779652211151782	0.044329354708239066	0.07212587171110776	0.1164551211860438
joint_beta	0.2	0	0.013995535981796649	0.1771643864873198	0.16316882674032623	0.3403331570637344
joint_beta	0.2	1	0.007790987636859588	0.1734215698946997	0.1656305687021447	0.3390522363007431
joint_beta	0.2	2	-0.005029662976748754	0.177048936488589	0.1820785940858312	0.3591275307645404
joint_beta	0.2	3	0.007527815689804715	0.164385985865934	0.15685816946409625	0.3212441920854482
joint_beta	0.2	4	0.0288159673090168	0.16911843120728065	0.14030249338099823	0.30941265885913033
joint_beta	0.2	5	0.033886921621993686	0.16768957939440554	0.13380261218554362	0.30149225168849825
joint_beta	0.2	6	0.04735240098249443	0.14951542729004075	0.10216301979550199	0.2516784576245742
joint_beta	0.2	7	0.014032327069309083	0.16546133552584763	0.15142907304740758	0.3168905196873275
joint_beta	0.2	8	0.0343082022871269	0.15554276994815552	0.12123450686242973	0.2767773013598683
joint_beta	0.2	9	0.012244628296693061	0.1616079008963851	0.1493633003466507	0.31097128513778605
joint_beta	0.3	0	0.027414454057369673	0.3876308614227497	0.36021632166149226	0.7478470562674361
joint_beta	0.3	1	0.0226958721299105	0.3853309545890937	0.36263528456807154	0.7479663674479153
joint_beta	0.3	2	0.017300670632463704	0.3873958609478194	0.37009526704754037	0.7574911724185038
joint_beta	0.3	3	0.04540119553772891	0.37239106989683535	0.32698993895936584	0.6993811154874023
joint_beta	0.3	4	0.02610376815971531	0.38115884843936954	0.35505505755494765	0.7362139852987203
joint_beta	0.3	5	-0.010606627338654345	0.3999870422971554	0.4105936533812812	0.810591811046476
joint_beta	0.3	6	0.027384733341134157	0.38146864768371813	0.3540838739702275	0.735552396104954
joint_beta	0.3	7	0.0615137979623306	0.36865359537866027	0.30713984290435487	0.6757935013611484
joint_beta	0.3	8	0.007326222440784873	0.38162001086742237	0.3742937844805506	0.7559139069809462
joint_beta	0.3	9	0.04584223308673347	0.3818060059071371	0.3359636343905471	0.7177695069271127
joint_beta	0.4	0	0.015554084399279761	0.6232504458388703	0.6076964170491496	1.230946985311651
joint_beta	0.4	1	0.04350504132640517	0.6059793444656165	0.5624643045377842	1.1684436009024095
joint_beta	0.4	2	0.046420286214406595	0.6261951009005102	0.5797747858046537	1.2059696197742271
joint_beta	0.4	3	0.04775424007073029	0.6128189841310885	0.5650646700448192	1.1778835502863996
joint_beta	0.4	4	0.06593541632197744	0.6308867469518944	0.5649514920913343	1.195838309403956
joint_beta	0.4	5	0.06176597556733712	0.6184561980471059	0.5566902511535927	1.1751466207809584
joint_beta	0.4	6	0.05266023354262375	0.6169350645278726	0.5642748256074765	1.1812099550647093
joint_beta	0.4	7	0.006242603908443728	0.6281136178971778	0.6218710927081099	1.2499847347503825
joint_beta	0.4	8	0.03133877075689328	0.6336274009110454	0.6022885522056088	1.2359160293569573
joint_beta	0.4	9	0.021886821109847496	0.6134421475919893	0.5915553111795196	1.2049975105752597
joint_beta	0.5	0	0.022903157154249187	0.8497152491843494	0.8268120730328596	1.6765273469789892
joint_beta	0.5	1	0.04284111872900298	0.8370622824675351	0.794221242992656	1.6312835120127571
joint_beta	0.5	2	0.08153290840430853	0.8383315487833514	0.7567986030412592	1.5951301243777485
joint_beta	0.5	3	0.05853324303359247	0.8529748886893529	0.7944416952281503	1.6474164876848525
joint_beta	0.5	4	0.06862626676792619	0.8541180512030664	0.7854918238638934	1.6396099250213338
joint_beta	0.5	5	0.06854622811121415	0.8297818833311297	0.7612354559879178	1.5910171972670666
joint_beta	0.5	6	0.06628821014217844	0.8409696257239077	0.7746814265165344	1.6156511777183422
joint_beta	0.5	7	0.07772463992484137	0.8562317955436427	0.778507104145447	1.6347388157853746
joint_beta	0.5	8	0.04460730542928019	0.8578351394180075	0.8132278919323792	1.6710630860493725
joint_beta	0.5	9	0.03957400165267901	0.8469323135194671	0.8073583328048137	1.654290657113686
joint_beta	0.6	0	0.05468701902868976	1.0534494931284328	0.9987624923600423	2.052211887323716
joint_beta	0.6	1	0.03624662750803599	1.0488374108513412	1.0125906974539673	2.061428085295026
joint_beta	0.6	2	0.0681955379526464	1.0504021234202625	0.9822063862353776	2.0326083622718705
joint_beta	0.6	3	0.10284271998890256	1.0538667121326668	0.9510238883633552	2.004890416097208
joint_beta	0.6	4	0.09317931940811475	1.045831745251867	0.9526524212377254	1.9984843098298148
joint_beta	0.6	5	0.09441487197365957	1.0316490890290808	0.9372413975900225	1.9688904943990282
joint_beta	0.6	6	0.07108188303552794	1.0542769693433556	0.9831951207707827	2.037472133798383
joint_beta	0.6	7	0.08930955076435154	1.0335100960365011	0.9442005342930851	1.9777105894223421
joint_beta	0.6	8	0.08978881210063915	1.0431790667156307	0.9533901733325978	1.9965691803108199
joint_beta	0.6	9	0.06431031849939528	1.0603370369219718	0.9960267816239466	2.056363886271149
joint_beta	0.7	0	0.08738714983278638	1.2412150032207805	1.1538277820189637	2.395042822598839
joint_beta	0.7	1	0.08786650609021988	1.2140392619227285	1.126172718347189	2.3402120012196477
joint_beta	0.7	2	0.0709438949682223	1.233738453337402	1.1627944865207094	2.396532807631845
joint_beta	0.7	3	0.07135028783666689	1.2084519286441022	1.1371016805532899	2.345553533102392
joint_beta	0.7	4	0.09834203102445271	1.2163393662992448	1.1179974028471056	2.3343439179816934
joint_beta	0.7	5	0.09086200751418304	1.2313503183081522	1.1404883025569061	2.3718551413213724
joint_beta	0.7	6	0.10981637532882155	1.2224739413610237	1.1126576900807368	2.335131679977893
joint_beta	0.7	7	0.10715008596990006	1.2191897656418362	1.1120397455501583	2.331229631028094
joint_beta	0.7	8	0.07410249624299052	1.222662586174387	1.1485601132349472	2.371222716934231
joint_beta	0.7	9	0.0820733125636278	1.2167189436139054	1.134645574948103	2.351364431461173
joint_beta	0.8	0	0.15727623249623934	1.4005009203561158	1.2432246352754137	2.6437255726717903
joint_beta	0.8	1	0.13211389387073796	1.3980511064982224	1.2659372089862952	2.663988347911496
joint_beta	0.8	2	0.08678134986482448	1.3853065993163582	1.2985253097933531	2.6838320772619744
joint_beta	0.8	3	0.10805317954551533	1.3825210192557549	1.2744678945577974	2.6569887230957194
joint_beta	0.8	4	0.11926185926802138	1.4022003504861758	1.2829384257733394	2.685138770225983
joint_beta	0.8	5	0.09705398247859015	1.3887969264927662	1.2917429421055004	2.6805397144734378
joint_beta	0.8	6	0.13311123612155323	1.3925030797575957	1.2593918739928414	2.651894963736228
joint_beta	0.8	7	0.12921724308356952	1.3950571372883829	1.2658400429951262	2.6608970787239032
joint_beta	0.8	8	0.11020993087846946	1.3966113774336648	1.286401558313992	2.6830130284586344
joint_beta	0.8	9	0.10747471719027309	1.3984894546050626	1.2910148390298486	2.689504361455758
joint_beta	0.9	0	0.1414008460799306	1.5827372922056426	1.4413414245855025	3.024078669387412
joint_beta	0.9	1	0.1376842793443849	1.5866483327546845	1.4489640868999925	3.03561230082146
joint_beta	0.9	2	0.14263098300629462	1.5802280187953741	1.4375969854441177	3.0178249377221493
joint_beta	0.9	3	0.1407367008671863	1.5713403039506844	1.430603488296243	3.0019435508132335
joint_beta	0.9	4	0.16829575441982356	1.5732061283119876	1.404910365557223	2.978116500927644
joint_beta	0.9	5	0.15798498228816532	1.5745594628758894	1.4165744269924858	2.991133919929398
joint_beta	0.9	6	0.14640935726737606	1.5661848001251784	1.4197879216662257	2.9859727980505024
joint_beta	0.9	7	0.13112469592705708	1.590579223104534	1.4594547028020843	3.0500339383779362
joint_beta	0.9	8	0.13096779150328938	1.5729258238293156	1.4419581045429108	3.0148840368144243
joint_beta	0.9	9	0.11182185842372469	1.5740400038111417	1.4622181714968887	3.0362581233500063
joint_beta	1.0	0	0.15166210652677015	1.744611751356416	1.5929494768307015	3.3375612569136135
joint_beta	1.0	1	0.19724112965981788	1.7531823389241765	1.5559453739768352	3.3091236200336764
joint_beta	1.0	2	0.1747762878554352	1.7466616366232017	1.5718853375901543	3.3185470602895255
joint_beta	1.0	3	0.1658259911060461	1.7479826972936863	1.5821566015966715	3.330139266867064
joint_beta	1.0	4	0.17379620568695128	1.7641917719959466	1.5903955038205764	3.354587306695102
joint_beta	1.0	5	0.12863536232256556	1.7598712483206285	1.6312359367819729	3.3911072852603894
joint_beta	1.0	6	0.16566453459809247	1.7666482065625715	1.6009834146077189	3.367631400765652
joint_beta	1.0	7	0.21047964645299339	1.7595427850755172	1.5490631337235217	3.308605825022893
joint_beta	1.0	8	0.13971160646038744	1.7689028308976873	1.629191254128855	3.398094389494982
joint_beta	1.0	9	0.16146207974156823	1.7428289396519432	1.5813668881050924	3.324191458820037
